6.7525694,-16.71314306,-1.44
6.39919184,-52.69571799,-0.62
14.2612076,19.18726997,-0.05
14.66136068,-60.83514707,-0.01
18.61560722,38.78299311,0.03
5.27813767,45.99902927,0.08
5.24229756,-8.20163919,0.18
7.65514946,5.22750767,0.4
1.62854213,-57.23666007,0.45
5.91952477,7.40703634,0.45
14.06373459,-60.3729784,0.61
19.84630057,8.86738491,0.76
12.44331705,-63.09905586,0.77
4.59866679,16.50976164,0.87
5.2778513412,46.0067085932,0.96
13.41989015,-11.16124491,0.98
16.49012986,-26.43194608,1.06
7.75537884,28.02631031,1.16
22.96078488,-29.62183701,1.17
12.79536635,-59.68873246,1.25
20.69053151,45.28033423,1.25
14.66094188,-60.83947139,1.35
10.13957205,11.96719513,1.36
6.9770963,-28.97208931,1.5
7.57666793,31.88863645,1.58
12.5194248,-57.11256922,1.59
17.56014624,-37.10374835,1.62
5.41885227,6.34973451,1.64
5.43819386,28.60787346,1.65
9.22006688,-69.71747245,1.67
5.60355904,-1.20191725,1.69
22.13718789,-46.96061593,1.73
5.67931244,-1.94257841,1.74
8.15887648,-47.33661177,1.75
12.9004536,55.95984301,1.76
3.40537459,49.86124281,1.79
18.40287397,-34.3843146,1.79
11.06217691,61.75111888,1.81
7.13985723,-26.39320776,1.83
13.79237392,49.31330288,1.85
8.37524019,-59.50953829,1.86
17.62197938,-42.99782155,1.86
5.99215817,44.94743492,1.9
16.81107382,-69.02763503,1.91
6.62852842,16.39941482,1.93
8.7450548,-54.70856797,1.93
20.42745823,-56.73488071,1.94
2.52974312,89.26413805,1.97
6.37832983,-17.95591658,1.98
9.45979217,-8.65868335,1.99
2.11952383,23.46277743,2.01
10.3328227,19.84186032,2.01
0.7264523,-17.9866841,2.04
18.92108797,-26.29659428,2.05
14.11147907,-36.36869575,2.06
0.13976888,29.09082805,2.07
1.16216599,35.62083048,2.07
5.79594109,-9.66960186,2.07
14.84510983,74.15547596,2.07
22.71109302,-46.88456594,2.07
17.58222354,12.56057584,2.08
3.13614714,40.9556512,2.09
2.06497752,42.32984832,2.1
11.81774398,14.57233687,2.14
0.9451392,60.71674966,2.15
12.69200138,-48.95988553,2.2
8.0597417,-40.00318846,2.21
9.28484122,-59.27526115,2.21
15.57810819,26.71491041,2.22
9.13327141,-43.43262406,2.23
13.39872773,54.92541525,2.23
20.37047223,40.2566815,2.23
0.67510756,56.53740928,2.24
17.94343829,51.48895101,2.24
5.53344437,-0.2990934,2.25
0.15280269,59.15021814,2.28
13.66479797,-53.46636269,2.29
16.00555881,-22.62162024,2.29
16.83617915,-34.29260982,2.29
14.69882606,-47.38814127,2.3
14.5917921,-42.15774562,2.33
11.0306641,56.38234478,2.34
14.74979191,27.07417383,2.35
21.73642787,9.87500791,2.38
17.70813327,-39.02992092,2.39
0.43801871,-42.30512197,2.4
11.89715035,53.69473296,2.41
17.17296177,-15.72514757,2.43
23.06287038,28.08245462,2.44
7.40158473,-29.30311979,2.45
21.30960598,62.58545529,2.45
9.36856367,-55.01069531,2.47
20.77012006,33.96945334,2.48
23.07933801,15.20536786,2.49
3.03799418,4.08992539,2.54
16.61931389,-10.5671518,2.54
13.92567635,-47.28826634,2.55
11.23511447,20.52403384,2.56
16.0906208,-19.80539286,2.56
5.54550386,-17.82229227,2.58
12.13931767,-50.72240999,2.58
12.26346329,-17.5419837,2.58
19.04353428,-29.88011429,2.6
15.28346439,-9.38286694,2.61
15.7377766,6.42551971,2.63
1.91065251,20.80829949,2.64
5.66081665,-34.07404941,2.65
5.99534393,37.21276409,2.65
12.57312057,-23.39662306,2.65
1.43016751,60.23540347,2.66
13.91142116,18.39858742,2.68
14.97554279,-43.13386699,2.68
4.94989339,33.16613537,2.69
10.77947836,-49.42012517,2.69
12.61974547,-69.13553358,2.69
17.512733,-37.29574016,2.7
7.28571226,-37.09748689,2.71
18.34989489,-29.82803914,2.72
19.77099171,10.61326869,2.72
16.23910173,-3.69397562,2.73
16.39986301,61.51407536,2.73
10.71595186,-64.39447937,2.74
12.69444503,-1.44952231,2.74
5.59055031,-5.90989984,2.75
13.34335154,-36.71208109,2.75
14.84799369,-16.04161047,2.75
17.72454914,4.56691684,2.76
5.13084276,-5.08626282,2.78
16.50368379,21.4896485,2.78
17.24412845,14.39025314,2.78
12.25243248,-58.74890179,2.79
17.5072158,52.30135901,2.79
15.58568343,-41.16669497,2.8
5.47075731,-20.75923214,2.81
16.68818808,31.60188695,2.81
0.42755612,-77.25503511,2.82
16.59804428,-28.21596156,2.82
18.46618597,-25.42124732,2.82
0.22059721,15.18361593,2.83
8.12575059,-24.30443677,2.83
15.91911334,-63.42974973,2.83
3.90219957,31.88365776,2.84
17.42166588,-55.52982397,2.84
17.53070044,-49.87598159,2.84
3.79140671,24.10524193,2.85
13.03632237,10.95910186,2.85
21.78396813,-16.12656595,2.85
7.5769778295,31.8918827889,2.85
1.97940884,-61.56992444,2.86
19.74956725,45.13069195,2.86
6.3826642,22.51385027,2.87
15.31519133,-68.67946723,2.87
22.30838283,-60.25949486,2.87
2.97103212,-40.30473491,2.88
19.1627316,-21.02352534,2.88
7.45252008,8.28940893,2.89
12.9338447,38.31824617,2.89
15.98086685,-26.1140428,2.89
3.96422809,40.01027315,2.9
16.35314514,-25.59275259,2.9
21.52597796,-5.57115593,2.9
3.07994173,53.50645031,2.91
9.78503822,-65.07201888,2.92
22.71670238,30.22130866,2.93
6.83226023,-50.61439973,2.94
12.4977731,-16.51509397,2.94
22.09639591,-0.31982656,2.95
3.96714724,-13.50824471,2.97
5.62741229,21.14259299,2.97
9.76419511,23.77427792,2.97
18.09681239,-30.42365007,2.98
13.31534816,-23.17141246,2.99
17.79307809,-40.12698197,2.99
19.09017012,13.86370983,2.99
2.15903358,34.98739204,3
11.16107206,44.49855337,3
15.34548589,71.83397308,3
16.86451079,-38.04732717,3
21.8987928,-37.3648229,3
3.71541169,47.7876533,3.01
6.33855198,-30.06337656,3.02
7.05040932,-23.83330131,3.02
12.16875718,-22.61979211,3.02
5.032815,43.82331397,3.03
12.77135267,-68.10809405,3.04
14.53465494,38.30788348,3.04
19.51202368,27.9596948,3.05
20.35017956,-14.78140119,3.05
6.73220272,25.13115531,3.06
10.37216756,41.4994335,3.06
19.20920972,67.66131695,3.07
18.29381366,-36.76128103,3.1
8.92324579,5.9455277,3.11
10.82706446,-16.19413208,3.11
11.59636896,-63.01982488,3.11
20.62610824,-47.29166239,3.11
5.84932022,-35.76929225,3.12
8.98689965,48.04234956,3.12
16.97700854,-55.99005508,3.12
17.25053449,24.83958739,3.12
14.9860275,-42.10414199,3.13
9.35096077,34.39252592,3.14
9.52037604,-57.0343916,3.16
17.25079285,36.80915527,3.16
6.62935324,-43.19592394,3.17
9.54786812,51.67860208,3.17
17.1464514,65.71463676,3.17
18.76093138,-26.9907794,3.17
5.10857473,41.23464074,3.18
14.70852362,-64.97456957,3.18
4.83059395,6.96124744,3.19
5.09101447,-22.37085673,3.19
16.96118627,9.37505626,3.19
17.83095867,-37.04337105,3.19
21.21560598,30.22708128,3.21
23.65582834,77.63196681,3.21
15.35620455,-40.64745946,3.22
16.30534466,-4.69260809,3.23
18.35525571,-2.897122,3.23
21.47765973,70.56069481,3.23
6.80320475,-61.94197988,3.24
20.18840688,-0.82147569,3.24
7.48718842,-43.30189129,3.25
14.10618582,-26.68201883,3.25
15.06785052,-25.28185602,3.25
18.98239571,32.68955312,3.25
3.78728653,-74.23924251,3.26
0.65544371,30.86122579,3.27
17.36682891,-24.99948797,3.27
22.91084423,-15.82075994,3.27
5.2155203,-16.20542901,3.29
10.22896636,-70.03792169,3.29
15.41549558,58.96602354,3.29
4.56658845,-55.04500559,3.3
10.5337455,-61.68536031,3.3
6.2479713,22.50682376,3.31
17.42323884,-56.37768824,3.31
1.10141847,-46.71849042,3.32
3.08624916,38.84053298,3.32
12.25706919,57.03259792,3.32
17.20254886,-43.23849039,3.32
17.9837771,-9.77334973,3.32
19.11567841,-27.66981416,3.32
4.24039753,-62.47397888,3.33
11.23734469,15.4297631,3.33
7.82157187,-24.85978401,3.34
1.90657873,63.67014686,3.35
5.40794918,-2.39713844,3.35
6.75484265,12.89605513,3.35
8.50445282,60.7184311,3.35
19.42493129,3.11457923,3.36
15.37802431,-44.68957314,3.37
8.77962395,6.41890691,3.38
13.5782652,-0.59593821,3.38
5.58563269,9.93416294,3.39
10.28472369,-61.33231977,3.39
12.92680091,3.39759862,3.39
22.18090608,58.20124992,3.39
4.47768747,15.8709468,3.4
17.172748886,-15.7282123561,3.4
1.47276157,-43.31772906,3.41
4.01133906,12.49037571,3.41
13.82508261,-41.68765971,3.41
15.20477865,-52.09907465,3.41
20.75479684,61.83679404,3.41
22.69102078,10.83139111,3.41
1.88469439,29.57939727,3.42
16.00203902,-38.39664079,3.42
17.77436636,27.72249917,3.42
20.74932102,-66.20323826,3.42
9.18280702,-58.96693014,3.43
10.27816787,23.4173284,3.43
19.10415275,-4.88233456,3.43
10.2849797,42.91446855,3.45
0.8180835,57.8165477,3.46
1.14312879,-10.181928,3.46
7.94631715,-52.98240062,3.46
15.25836216,33.31510222,3.46
2.72170126,3.23617162,3.47
13.82694662,-42.47368506,3.47
10.12220929,16.76266572,3.48
16.71492737,38.92246103,3.48
1.73475762,-15.93955597,3.49
7.02865325,-27.93484165,3.49
11.30798759,33.09423881,3.49
15.03244253,40.39063671,3.49
18.44956396,-45.96832919,3.49
22.80922142,-51.31670354,3.49
6.83068485,-32.50848752,3.5
7.33538592,21.98233941,3.5
22.82803115,66.20071089,3.5
19.97927434,19.49209287,3.51
22.8333612,24.60168486,3.51
3.72082113,-9.76519868,3.52
9.68586607,9.89239902,3.52
9.94770968,-54.5677973,3.52
18.83466497,33.36267788,3.52
18.96216103,-21.10662433,3.52
22.16994993,6.197789,3.52
12.6946896478,-1.4493301344,3.52
4.47692591,19.18052092,3.53
8.2752634,9.18566295,3.53
11.55007195,-31.85752405,3.54
15.82701825,-3.43014112,3.54
17.62645145,-15.39840835,3.54
4.29822737,-33.79833145,3.55
5.78259715,-14.82194717,3.55
14.32339798,-46.05808391,3.55
18.35064971,72.73369763,3.55
20.14496114,-66.17932101,3.55
0.32380084,-8.82382948,3.56
2.27513896,-51.51211145,3.56
11.3223674,-14.77904358,3.56
16.87226486,-38.01747781,3.56
7.74079682,24.39812929,3.57
9.06043299,47.15665934,3.57
14.53051606,30.37114497,3.57
15.36345457,-36.26116729,3.57
7.30155744,16.54047526,3.58
20.30089401,-12.54485877,3.58
1.6331951,48.62848641,3.59
5.29344415,-6.84438616,3.59
5.74110416,-22.44748663,3.59
11.8448017,1.76537705,3.59
12.35605869,-60.40136988,3.59
1.40040311,-8.18275372,3.6
6.87981668,33.96136985,3.6
8.67155811,-52.92197259,3.6
9.51169804,-40.46688763,3.6
15.61707183,-28.13507099,3.6
17.51832693,-60.68360667,3.6
2.8330526,27.26079044,3.61
3.413566,9.02906504,3.61
10.17649919,-12.35383921,3.61
13.03771597,-71.54879865,3.61
17.76222289,-64.7237345,3.61
1.52472051,15.34583101,3.62
3.81936977,24.05352412,3.62
7.75425108,-37.96859848,3.62
16.90975143,-42.36075916,3.62
23.03201291,42.32597866,3.62
11.76015759,-66.72884344,3.63
20.62579715,14.59520289,3.64
4.32987052,15.62770031,3.65
9.52543601,63.06179545,3.65
15.76978191,15.42192602,3.65
18.11052188,-50.09145462,3.65
22.48050015,-0.02006304,3.65
15.46384775,29.10549164,3.66
15.64427343,-29.77768935,3.66
14.07317389,64.37580873,3.67
20.91349433,-58.4540947,3.67
4.853435,5.60510146,3.68
8.72654096,-33.18641133,3.68
19.78979589,18.53425912,3.68
23.15743391,-21.17248555,3.68
0.61618528,53.89693161,3.69
1.93245347,-51.60958673,3.69
5.04130001,41.07588953,3.69
9.75411876,-62.50792328,3.69
11.76753725,47.77933701,3.69
21.66815062,-16.66225343,3.69
3.32526935,-21.7579421,3.7
17.96273073,29.24792527,3.7
23.28597045,3.28224524,3.7
4.90419323,2.44067149,3.71
5.94008841,-14.16803805,3.71
7.87029041,-40.57579889,3.71
15.84691422,4.4775798,3.71
18.12250574,9.56365345,3.71
19.92187948,6.40793334,3.71
3.549006,-9.45830584,3.72
3.7479232,24.1134484,3.72
5.99209731,54.28498197,3.72
21.08218216,43.92785122,3.72
3.45281136,9.7327724,3.73
14.77083106,1.8929383,3.73
17.8921193,56.87245216,3.73
21.69124253,-77.38946215,3.73
22.87690679,-7.57967878,3.73
1.85766961,-10.33494526,3.74
16.36534546,19.15302185,3.74
21.24648517,38.04432043,3.74
9.0692557,-47.09771376,3.75
17.79821501,2.70745875,3.75
5.5604212,-62.48985585,3.76
5.85532022,-20.87751376,3.76
6.48029836,-7.03305042,3.76
19.07803717,-21.74135451,3.76
19.49509425,51.72946747,3.76
22.52149326,50.28244976,3.76
2.84494243,55.89552955,3.77
3.75323428,42.57854437,3.77
4.38222981,17.5425843,3.77
5.64576814,-2.60006791,3.77
8.42895729,-66.13652042,3.77
8.67710424,-46.64875492,3.77
16.82975317,-59.04131648,3.77
20.66062626,15.9120527,3.77
21.44445214,-22.41137838,3.77
22.11679848,25.3450461,3.77
7.14578458,-70.49919435,3.78
7.42879891,27.79828561,3.78
9.84991436,59.03910437,3.78
10.89154617,-58.85326474,3.78
14.68581121,13.72833113,3.78
20.79459238,-9.49568988,3.78
3.1582303,44.85788896,3.79
10.88851107,34.21556641,3.79
3.20118888,-28.98910623,3.8
7.64718924,-26.8038924,3.8
15.58005284,10.53885916,3.8
19.28503052,53.36816064,3.8
20.22719518,46.74132417,3.8
4.59251991,-30.56231049,3.81
10.4646514,-58.73940856,3.81
15.71239951,26.29551419,3.81
23.62602991,46.45917621,3.81
2.03411128,2.76376048,3.82
9.31407426,36.80289763,3.82
11.52341346,69.33112161,3.82
16.51523367,1.98410056,3.82
17.65774789,46.00632216,3.82
10.43486251,-16.83609584,3.83
13.97119018,-42.10070526,3.83
14.79770171,-79.04471242,3.83
3.73654302,-64.80709398,3.84
3.73864623,32.28827325,3.84
4.4762312,15.96221721,3.84
8.91746157,-60.64471195,3.84
10.5468542,9.30659431,3.84
10.62173798,-48.22561631,3.84
12.54114193,-72.1329759,3.84
18.12570854,28.76247025,3.84
18.2293913,-21.05883031,3.84
19.8028371,70.26783533,3.84
4.23335592,-42.29387294,3.85
5.7880787,-51.06671329,3.85
6.36856809,-33.43627251,3.85
10.24563159,-42.12206281,3.85
12.55806736,69.78820992,3.85
12.62842439,-48.54128816,3.85
15.94083173,15.66473327,3.85
18.39493521,21.77034249,3.85
18.58678829,-8.24330819,3.85
0.94586046,38.49925513,3.86
4.63635303,-14.303587,3.86
5.5202043,-35.47043592,3.86
16.25729615,-63.68564897,3.86
16.55762893,-78.89695917,3.86
17.93754959,37.25052158,3.86
22.36091665,-1.38735315,3.86
3.76377586,24.36785796,3.87
8.7671263,-46.0415392,3.87
13.97799204,-44.8035314,3.87
14.71765618,-5.6574291,3.87
15.94807962,-29.21401221,3.87
19.8745455,1.00567827,3.87
0.15681663,-45.74698836,3.88
1.892157,19.29409264,3.88
9.87943268,26.00708498,3.88
15.19893362,-48.73770212,3.88
23.17261887,-45.24664747,3.88
2.94044549,-8.89760976,3.89
6.90220967,-24.18422296,3.89
9.23938701,2.31502422,3.89
12.33177539,-0.66674709,3.89
19.93844337,35.08349079,3.89
9.66425943,-1.14265722,3.9
11.35012284,-54.49101395,3.9
13.5174079,-39.40727983,3.9
4.05260466,5.98930909,3.91
8.42768636,-3.90636482,3.91
12.46733655,-50.2306048,3.91
15.08530713,-47.05119386,3.91
15.59209426,-14.78955365,3.91
16.3290133,46.31327084,3.91
17.00483505,30.92633926,3.92
19.36121535,-17.84725155,3.92
21.26372131,5.2480739,3.92
0.43669894,-43.67990933,3.93
1.5208282,-49.07307701,3.93
2.90429513,52.76248991,3.93
4.60531682,-3.352448,3.93
7.69699889,-72.60613528,3.93
11.14316545,-58.97504198,3.93
16.11345346,-20.66913479,3.93
18.01075431,2.93158759,3.93
1.13973891,-55.24583235,3.94
7.68746574,-9.55108315,3.94
7.73013114,-28.9548352,3.94
8.7447528,18.15486399,3.94
20.95289212,41.16719384,3.94
2.05727509,72.42123962,3.95
6.61138858,-19.25570928,3.95
13.3988985411,54.9208921914,3.95
4.14435368,47.71259359,3.96
5.98577514,-42.81510761,3.96
9.01076451,41.78344401,3.96
9.18799107,-62.31701587,3.96
19.37730181,-44.45891013,3.96
19.3980976,-40.61564629,3.96
20.25786618,47.7142053,3.96
23.38286152,-20.10034505,3.96
4.40060148,-34.01698632,3.97
5.85816462,39.14847936,3.97
7.28050856,-67.95717248,3.97
8.66837126,-35.30830091,3.97
12.19420872,-52.36841559,3.97
15.84931715,-33.62710488,3.97
20.00983148,-72.91018443,3.97
22.48782057,-43.49555433,3.97
22.77551177,23.56567939,3.97
3.98274992,35.79102701,3.98
21.56635357,45.59206564,3.98
2.00006244,-21.07777193,3.99
6.24759346,-6.27472737,3.99
10.40659458,-74.03154474,3.99
13.42039322,54.98799884,3.99
23.29050334,-58.23592762,3.99
9.04077745,-66.39584369,4
11.39871355,10.52969772,4
16.19992791,-19.46064684,4
1.72767091,50.6887655,4.01
4.7583725,-3.25462465,4.01
7.06848205,20.57029939,4.01
7.24685045,-26.77268601,4.01
14.69933688,-37.79342394,4.01
16.03158437,58.56443739,4.01
16.33071322,-50.15537923,4.01
18.71725939,-71.42772867,4.01
20.48992526,30.36855661,4.01
8.84222536,-27.71005869,4.02
12.14020907,-24.72877993,4.02
18.99371922,15.06847757,4.02
19.02801149,-5.73901832,4.02
2.28856547,33.84732099,4.03
5.05697146,60.44228144,4.03
8.7782873,28.76000509,4.03
12.90990489,-57.17789116,4.03
18.09089245,2.50243928,4.03
20.55354577,11.30333217,4.03
23.98850066,6.86359373,4.03
4.19775922,-6.8377787,4.04
11.76432515,6.52981394,4.04
14.42000537,51.85171354,4.04
22.58925803,-0.11736123,4.04
3.1508009,49.61350009,4.05
8.30868523,-76.91998251,4.05
8.73999055,-42.64932331,4.05
11.35229115,6.02935289,4.05
13.82463829,15.79780583,4.05
14.34263313,-37.88526711,4.05
14.63145864,-49.42575765,4.05
22.8265305,-13.59253756,4.05
4.93953363,13.51457755,4.06
7.59871452,26.89600343,4.06
11.41471755,-17.68401748,4.06
12.29295453,-67.96067161,4.06
12.30730353,-64.00304555,4.06
14.7276343,-35.17322549,4.06
16.99306851,-53.16049005,4.06
14.26691247,-5.99952622,4.07
15.1473971,-45.27979406,4.07
15.29193339,-58.80087882,4.07
22.48617998,58.4151899,4.07
0.78899727,24.26737703,4.08
2.36250639,-68.6594239,4.08
2.65804119,0.3285168,4.08
3.03988697,-23.62433613,4.08
6.90318908,-12.03859273,4.08
9.57407306,-59.22976797,4.08
10.9963191,-18.29909723,4.08
18.92224587,43.9458926,4.08
21.09910538,-17.23271095,4.08
21.36809274,19.80435581,4.08
5.61509185,9.291412,4.09
15.81233572,18.1417793,4.09
1.61332694,41.40638491,4.1
2.73657999,49.22866639,4.1
7.82063861,-46.37322729,4.1
18.48048221,-49.07003097,4.1
19.16715345,-39.34070677,4.1
2.6777588,-39.85530905,4.11
7.06263699,-15.63325876,4.11
8.62740038,-42.98910371,4.11
9.85796735,-14.84654997,4.11
10.59117177,-78.60781379,4.11
11.77523583,-61.17835907,4.11
15.61199636,-66.31690469,4.11
19.15785508,-37.90423953,4.11
23.01468731,-52.75410562,4.11
2.65978435,-68.2669476,4.12
4.24829381,48.40937312,4.12
6.03971954,9.64736756,4.12
12.08685266,8.73284563,4.12
19.92102196,-41.8684135,4.12
20.86369338,-26.91912642,4.12
22.49595707,-43.74922804,4.12
5.39912122,-7.80795569,4.13
6.48271957,20.2121672,4.13
15.89707695,-16.7296223,4.13
20.76826836,-25.27051682,4.13
22.76770092,-81.38161731,4.13
23.66578342,5.62735374,4.13
3.51454638,12.93668186,4.14
3.77210009,23.94846207,4.14
8.62761315,5.70379868,4.14
12.11468134,-64.61363898,4.14
15.5488322,31.35915517,4.14
15.95980608,26.87802632,4.14
21.7440845,25.64500284,4.14
22.26615838,37.74873483,4.14
7.19773899,-0.49278056,4.15
17.39471468,37.14592396,4.15
23.67345605,44.33397776,4.15
6.06867126,23.26363207,4.16
7.48516936,31.78407932,4.16
17.43950482,-24.17502346,4.16
0.54999626,62.93178781,4.17
3.82424469,-36.2001125,4.17
22.28054621,-7.78323706,4.17
14.21492805,-10.274044,4.18
14.27310454,46.08791894,4.18
16.60623914,-35.25535553,4.18
22.25046638,57.04346522,4.18
22.67759043,-27.0436148,4.18
13.82409757,-34.45063035,4.19
18.76103644,20.54712356,4.19
5.51306886,5.94821792,4.2
7.94765507,-22.88014849,4.2
10.46474791,36.70747818,4.2
16.5683859,42.43689565,4.2
22.77817819,12.17408381,4.2
22.93247,-32.53970196,4.2
3.48448178,59.94033461,4.21
4.42280521,22.29398098,4.21
16.76615597,82.03725071,4.21
20.49300758,62.99413722,4.21
21.44069225,-65.36814438,4.21
2.84303172,38.31890838,4.22
3.78083028,-23.248438,4.22
7.88837857,-48.10294824,4.22
16.10987675,-36.80221297,4.22
16.45039952,-18.45619698,4.22
18.34595588,71.33772734,4.22
18.7862437,-4.74782871,4.22
18.87028792,-62.18756062,4.22
18.90841352,36.89860518,4.22
20.7610442,30.7196568,4.22
21.29026459,39.39469016,4.22
23.23870347,-6.0485268,4.22
0.33386505,-64.8776232,4.23
7.72185703,28.8840717,4.23
13.19803407,27.87603769,4.23
13.76154628,-33.04336606,4.23
14.02743976,1.54458338,4.23
16.14616647,44.93481883,4.23
16.71817212,-77.51657182,4.23
19.10695543,-37.06275714,4.23
21.72512637,58.78005308,4.23
21.77989052,49.3095748,4.23
1.14559982,86.25711803,4.24
2.44975138,-47.70382692,4.24
2.73537623,-13.85867594,4.24
12.30581775,-79.31226899,4.24
12.5625257,41.35676779,4.24
16.5230393,-34.70432087,4.24
17.69025458,-12.87517268,4.24
23.26479915,-9.08769554,4.24
1.26263759,-68.87623708,4.25
4.10973758,50.35135022,4.25
4.59423154,10.16091706,4.25
4.61150934,41.26485467,4.25
5.15243971,-8.75407607,4.25
8.38059169,43.18837233,4.25
12.8905961,-40.17881857,4.25
14.45875625,75.69593921,4.25
21.75748035,61.12081043,4.25
1.15836727,47.2418241,4.26
1.75655241,9.15764102,4.26
3.33145134,-43.07154929,4.26
3.56312442,-21.63281597,4.26
4.26708095,-51.48709578,4.26
4.90083628,66.34266029,4.26
8.97477693,11.85777198,4.26
17.60912409,-38.63486521,4.26
18.02511192,21.59568814,4.26
22.06310052,64.62775425,4.26
1.04907107,7.89007256,4.27
2.7489926,10.11421979,4.27
4.25890144,8.89240989,4.27
4.63594491,12.51087423,4.27
4.7040843,22.95697545,4.27
13.11518417,-49.90621586,4.27
15.30890239,-47.87519201,4.27
19.38696127,-44.79964788,4.27
20.77764388,16.12477326,4.27
23.46615772,6.37909727,4.27
4.43844298,22.81369394,4.28
9.61815331,81.32642085,4.28
10.4525433,-31.06780228,4.28
17.45590667,-29.86669942,4.28
20.22327809,56.56752223,4.28
21.3707715,-16.83455521,4.28
22.16645906,33.17826747,4.28
23.1146579,-43.52032436,4.28
3.61458859,0.40283316,4.29
5.32625721,-13.17677698,4.29
10.65511459,-55.60327905,4.29
11.88182257,-33.90813014,4.29
15.73429554,77.79449901,4.29
16.51899859,-16.61264015,4.29
22.10727926,-13.86954013,4.29
22.52508043,-32.34602798,4.29
23.63560531,43.2680761,4.29
0.97676274,-29.35746436,4.3
2.46931052,8.4600887,4.3
3.75346725,24.46737879,4.3
3.80995081,-37.62012878,4.3
4.42481039,17.92798917,4.3
5.99891705,45.93675346,4.3
8.72041287,3.39866539,4.3
10.92690222,24.74975451,4.3
11.61581384,-0.82385424,4.3
11.82808001,-63.78848906,4.3
12.53457909,-16.19586556,4.3
14.33876465,-56.38647906,4.3
20.29412669,-12.50821403,4.3
8.67695421,-59.76101468,4.31
14.44881687,-83.66785308,4.31
15.4082045,37.37696091,4.31
16.1234167,-20.8686541,4.31
20.63896486,-1.10507951,4.31
3.60815558,48.19270068,4.32
4.67402609,-19.67125686,4.32
5.53687534,18.59424525,4.32
6.25631571,29.49871224,4.32
8.77292429,-13.54770494,4.32
9.52867787,22.96806545,4.32
12.05047198,-63.31294495,4.32
13.1665415,17.52911621,4.32
13.86378478,-32.99401625,4.32
14.86064536,-43.57529383,4.32
17.34712098,-12.846882,4.32
7.46939707,8.92550376,4.33
12.88527127,-48.94325313,4.33
14.43633376,-45.37926095,4.33
17.25591313,-26.60004896,4.33
18.14299745,-63.66804844,4.33
18.33103366,36.06444696,4.33
11.3035119198,31.53685216,4.33
0.61467749,33.71935227,4.34
0.64263868,29.312369,4.34
1.18498074,55.14994765,4.34
5.74622751,-65.7355408,4.34
6.53093562,-23.41843727,4.34
8.34413553,-77.4845764,4.34
9.27002845,-57.54143764,4.34
9.61379361,-49.3551286,4.34
14.02874776,-45.60336989,4.34
15.63425619,-42.56748493,4.34
17.441911,4.14034239,4.34
18.7462044,37.60505025,4.34
18.78367287,18.18122968,4.34
21.74185847,17.35004352,4.34
22.49217298,47.70689488,4.34
3.19379712,19.72669777,4.35
4.84353396,8.90025258,4.35
6.58294093,-52.97563454,4.35
6.9546107,58.42305973,4.35
8.13217799,-68.61713647,4.35
8.8072169,5.83788486,4.35
12.44897988,28.26861975,4.35
15.29717913,-30.14866233,4.35
17.53691588,86.58632924,4.35
18.38711682,-61.49390506,4.35
19.27280428,38.13372778,4.35
21.74910772,-33.02555306,4.35
0.52571132,-62.95808549,4.36
0.72256778,-57.46309763,4.36
2.21666971,8.8467523,4.36
3.50957839,47.99517199,4.36
4.07823829,22.0820679,4.36
4.88157788,-5.45275591,4.36
5.22052361,-12.94128833,4.36
5.95894774,-35.28330688,4.36
6.93561842,-17.05424675,4.36
8.14323824,-2.98377649,4.36
14.10077389,-41.17958035,4.36
19.61202126,-1.28655047,4.36
0.03266433,-6.01397169,4.37
6.27587093,-35.14073157,4.37
7.31180218,-24.95438447,4.37
11.00256828,-42.22586959,4.37
18.14597017,20.81457203,4.37
19.99560397,-35.27624433,4.37
13.16583667,-5.53892987,4.38
20.14814344,77.71136178,4.38
23.43411593,-20.64186122,4.38
23.5494967,-37.81835895,4.38
1.89411658,-46.30244631,4.39
3.82535706,65.52600645,4.39
5.58034384,9.48958528,4.39
5.9064122,20.27641498,4.39
6.39613824,4.59283881,4.39
8.0377648,2.33431429,4.39
10.13175523,9.99766389,4.39
15.04835277,2.09127129,4.39
16.90013982,10.16544339,4.39
17.35005841,-21.11243499,4.39
19.66827292,18.01393839,4.39
19.68414825,17.47612356,4.39
21.33107883,-53.44926434,4.39
0.95345215,23.41775997,4.4
7.80143747,-25.93718054,4.4
8.15045651,-19.24500094,4.4
18.94917796,-67.23353511,4.4
21.96528638,-54.9925666,4.4
6.83092114,-53.62249221,4.41
7.18566433,30.24528065,4.41
14.38396035,-39.51176599,4.41
17.512305,26.1106045,4.41
17.97504159,30.18926892,4.41
21.29862997,34.8968812,4.41
23.13162169,75.3875815,4.41
23.29838989,-9.1824899,4.41
23.31372966,-32.53183574,4.41
6.12620051,14.76852318,4.42
6.6315072,-18.23745713,4.42
7.22561969,-44.64052957,4.42
7.23756011,-26.35251617,4.42
8.23413531,-40.34773028,4.42
11.0388281,20.17974575,4.42
14.83818519,-27.96021925,4.42
15.77409608,7.35323973,4.42
18.02921931,1.30510936,4.42
22.39267678,52.22949951,4.42
23.4229615,23.40401243,4.42
3.76902844,-12.1017353,4.43
4.25489948,-7.64455846,4.43
4.95478345,53.75208289,4.43
19.22930243,39.14596968,4.43
20.04429424,-27.70987972,4.43
20.39766555,32.19018607,4.43
20.72431825,15.07468224,4.43
20.79562164,-5.02760303,4.43
0.24400908,-18.93268628,4.44
0.81135982,7.58520186,4.44
4.27474542,-59.30174841,4.44
4.67606197,-41.86357034,4.44
6.32705299,59.01090518,4.44
7.5675572,-22.29618077,4.44
8.18930562,-39.61855304,4.44
8.30927588,-36.65953286,4.44
14.54363429,-50.45712132,4.44
19.4784475,24.66516482,4.44
1.69052987,5.48760445,4.45
2.8181554,-32.40628403,4.45
5.20496871,-11.86914287,4.45
6.1989991,14.20881425,4.45
8.64595799,3.34147477,4.45
9.00151114,-41.25373789,4.45
10.59314294,-57.55763551,4.45
10.76309326,-80.54020283,4.45
11.27771224,-3.65151412,4.45
16.53560738,-21.46647783,4.45
19.25924825,73.35521457,4.45
19.56811881,7.37931918,4.45
2.48444116,67.40238385,4.46
3.90485739,-2.95473348,4.46
5.22152211,2.86125346,4.46
9.1478849,51.60472728,4.46
11.19430174,-22.82560642,4.46
12.13479341,-50.66125439,4.46
16.45306883,-47.5547359,4.46
22.87543275,-32.87545019,4.46
2.75166151,-18.57265077,4.47
3.33899063,29.04849835,4.47
4.97580635,1.71403506,4.47
6.46950484,-32.58012947,4.47
6.5483971,7.33297921,4.47
7.97067886,-49.24492865,4.47
9.08578619,-72.60269387,4.47
9.41091093,26.18244091,4.47
9.58041525,52.05156754,4.47
11.852431,-45.1734495,4.47
14.57796958,29.74480735,4.47
14.95307133,-4.34608634,4.47
21.24133058,10.00771855,4.47
22.10191767,-39.54304903,4.47
0.74541725,48.28438262,4.48
4.01494584,-62.15936923,4.48
4.43907547,15.6183462,4.48
6.79768245,2.41218914,4.48
10.13230432,-0.37162786,4.48
15.38962715,-59.32069839,4.48
16.40172146,-20.03721137,4.48
23.06461292,3.82006998,4.48
23.11133535,-23.7431168,4.48
2.03265271,70.90704605,4.49
4.55850819,-29.76583186,4.49
6.73313723,13.22814319,4.49
7.20937248,-46.75956448,4.49
7.87740369,-38.86282206,4.49
10.12381254,35.24469176,4.49
14.67876693,16.4183013,4.49
19.60737289,50.22046347,4.49
21.11880151,-25.00574796,4.49
21.73566791,28.74322228,4.49
23.70080049,1.7804172,4.49
23.71202357,-14.54474243,4.49
23.99858613,-65.57707774,4.49
5.65309608,4.12146667,4.5
5.83043799,-56.1664886,4.5
8.77848866,-56.76979718,4.5
10.34855972,-56.04322401,4.5
11.7997851,20.21894121,4.5
13.78778795,17.45677436,4.5
20.2628215,27.8142285,4.5
21.15988689,-11.37165474,4.5
21.47869889,-21.80716659,4.5
22.13970922,-32.98839827,4.5
22.23130596,39.71488928,4.5
22.67521732,44.27628068,4.5
0.3054737,36.7853273,4.51
1.19432964,30.08972962,4.51
5.81957208,39.18113322,4.51
9.48742707,-35.9513478,4.51
9.6558447,-61.32810523,4.51
15.69252564,19.67050566,4.51
20.04695756,67.87344872,4.51
20.73394074,-51.92084051,4.51
21.61800632,-19.46601352,4.51
22.4555203,-64.96637927,4.51
23.90639925,57.49939052,4.51
2.79845596,29.24742385,4.52
13.37721659,-60.98835608,4.52
13.40012315,-64.53561699,4.52
14.31850051,-13.37116634,4.52
15.07412697,26.94765981,4.52
18.18716006,-45.95432704,4.52
19.36211722,-15.95500233,4.52
20.75588795,57.58029799,4.52
21.49913323,23.63882922,4.52
22.50812822,43.12338985,4.52
0.525932,-62.96544985,4.53
0.83023048,41.07895474,4.53
6.00092927,-3.07407681,4.53
7.6228111,-34.96857044,4.53
14.2247083,51.78999066,4.53
17.44387084,-5.08649188,4.53
17.79267418,-27.83076255,4.53
20.79014637,36.49073658,4.53
23.20914525,49.40597489,4.53
5.30293003,33.37200411,4.54
6.5842722,-22.96483318,4.54
9.53303743,-1.18465438,4.54
9.57038249,36.39761338,4.54
9.57471329,69.83015419,4.54
14.85646783,19.10063329,4.54
15.20369782,-19.79163143,4.54
15.38593424,-36.85843627,4.54
19.94911802,-27.1698625,4.54
23.11673773,9.40952259,4.54
23.48590563,12.76049243,4.54
0.06232565,-17.33597002,4.55
3.49854055,58.87875244,4.55
5.07341993,-35.48287057,4.55
7.00106888,76.97744152,4.55
7.49660613,12.00661101,4.55
9.86843337,54.06428574,4.55
15.59812916,-44.95833688,4.55
16.34393983,-24.16928427,4.55
18.13471194,-28.45701627,4.55
21.69863224,71.31118695,4.55
22.35042452,46.53656484,4.55
22.40860992,49.47640074,4.55
2.85856414,35.05989415,4.56
3.97909374,-61.40015059,4.56
5.88878987,27.61228536,4.56
9.10883001,38.45225024,4.56
11.25340086,23.09552528,4.56
14.43562084,-45.22138996,4.56
17.59433647,-46.50559076,4.56
20.86881265,27.09712771,4.56
21.11002448,47.64840597,4.56
3.61824392,-40.27451075,4.57
16.42359154,14.03341514,4.57
16.42642254,-23.44711764,4.57
17.69897418,72.14949916,4.57
18.91246698,22.64507357,4.57
19.13914805,-40.4966376,4.57
19.89102245,24.07952568,4.57
5.58976712,-4.83834045,4.58
9.86130232,-46.54764424,4.58
10.72564102,-60.56662705,4.58
13.20489702,-59.92053651,4.58
13.85720488,64.72328281,4.58
16.20505881,-27.92631564,4.58
17.63075549,-8.11872126,4.58
23.34395088,23.7403592,4.58
0.68877111,-46.08500934,4.59
3.71392279,-37.31334485,4.59
3.83929883,71.33236777,4.59
5.4472856,3.09567718,4.59
8.67024961,64.32787175,4.59
9.48578854,-2.76895627,4.59
10.32687922,-55.02931452,4.59
11.21000563,-60.3176307,4.59
15.82658278,26.06854936,4.59
15.89353566,-25.32708018,4.59
18.73965995,39.61259557,4.59
19.61177473,-24.88356664,4.59
23.81541108,-28.1300148,4.59
4.30404874,50.29563944,4.6
10.08541457,-13.06467435,4.6
10.94527675,-37.1374629,4.6
14.754027,16.96440296,4.6
15.42229234,-38.7335881,4.6
15.87783178,42.44998796,4.6
19.34446443,65.7144303,4.6
0.08892938,-5.70783255,4.61
0.28487101,38.68167915,4.61
1.89259348,3.18747844,4.61
3.18816707,39.61157075,4.61
7.44523915,49.21164489,4.61
7.99779309,-18.39914242,4.61
15.56958881,-10.06395962,4.61
20.56505228,35.25086482,4.61
0.94444736,59.18116582,4.62
3.99874336,-24.01625677,4.62
5.05158446,21.5900617,4.62
5.53218341,-7.30152625,4.62
9.13412701,-25.85853691,4.62
11.08367497,7.33612254,4.62
11.10902064,-62.42413654,4.62
11.57936442,-54.26413167,4.62
12.77298597,-56.48877967,4.62
12.91089445,-59.14666538,4.62
16.46339637,-8.37170055,4.62
18.00803345,-3.69016112,4.62
18.5583778,-42.31245871,4.62
18.93698898,4.20352956,4.62
2.98687051,21.34044477,4.63
7.72566545,-28.41095714,4.63
7.8843451,-49.61307949,4.63
8.72788341,-7.23372781,4.63
9.26251929,-37.41312644,4.63
12.6646004,-39.98724188,4.63
13.67897014,54.68166149,4.63
14.95975531,65.93238126,4.63
15.84965378,-25.75123489,4.63
16.05895029,-57.77487351,4.63
18.52289626,-62.27819116,4.63
18.85333516,59.38828895,4.63
23.96265266,25.14147936,4.63
3.89518971,-24.61221253,4.64
4.91491781,10.15114511,4.64
6.06532876,20.13845865,4.64
13.77760234,-51.43269771,4.64
15.65630105,36.63582763,4.64
15.68653215,-44.66055926,4.64
16.83054809,-10.78280069,4.64
17.29452385,37.29134328,4.64
18.12176509,8.73379361,4.64
19.44196935,0.33857566,4.64
20.58847449,14.67418482,4.64
22.62290716,51.54537399,4.64
23.06967548,50.05168397,4.64
2.72419735,27.70717078,4.65
4.56412643,14.84448749,4.65
5.07614954,15.40418059,4.65
5.90163891,-63.09102096,4.65
7.30511135,-36.7339666,4.65
7.51183613,-30.96228313,4.65
7.58970478,-28.36927798,4.65
10.45679951,-57.63881373,4.65
12.01455285,6.61439464,4.65
16.05357227,-49.22972074,4.65
9.5119377079,-40.4665764206,4.65
1.19088726,21.03467568,4.66
1.82644197,-10.68618074,4.66
6.6829614,9.89576021,4.66
6.92705526,-20.13659348,4.66
7.27638928,-27.88127313,4.66
8.72144808,21.46859609,4.66
9.09399501,-70.53852074,4.66
10.89964055,43.19001538,4.66
12.65411457,-7.99550439,4.66
12.70987809,-48.81303493,4.66
15.66277079,-34.41189273,4.66
18.08367292,-29.5800762,4.66
18.30088554,-27.04263452,4.66
18.3943205,-8.93451038,4.66
20.01833614,27.75356392,4.66
1.22914867,24.58376482,4.67
3.48945286,49.50901919,4.67
4.24814171,40.48372394,4.67
4.65456995,15.9180242,4.67
6.10259278,-14.93528629,4.67
8.20353023,17.64813756,4.67
9.18192532,63.51378087,4.67
18.00095018,16.75094481,4.67
18.48662553,-14.56580499,4.67
18.73898258,39.66997686,4.67
19.53905179,69.66540172,4.67
21.02151713,-32.25776681,4.67
1.56553499,59.23209665,4.68
1.91555967,-67.64748114,4.68
2.07484168,-29.29683966,4.68
2.97934735,39.66282739,4.68
8.93868834,-52.72351071,4.68
9.6409403,4.64941422,4.68
10.00356231,8.04427686,4.68
10.64533684,31.97622008,4.68
13.53276278,-6.25571065,4.68
13.5742704,49.01590606,4.68
16.33912085,-78.69565609,4.68
19.65627897,30.1532335,4.68
21.62917834,-7.85414212,4.68
22.72645904,-18.83030716,4.68
4.44343799,14.71385764,4.69
5.31891066,40.10066732,4.69
7.63834649,-25.36478805,4.69
7.80562435,-47.07753199,4.69
8.0203601,-1.39242418,4.69
10.6458368,-59.18299905,4.69
12.76053228,-60.98116057,4.69
21.70157213,51.1896271,4.69
22.05484433,-56.77980602,4.69
23.58459182,-42.61510105,4.69
5.34080881,-21.23973932,4.7
11.61137458,-9.80225368,4.7
11.67022789,-34.7446553,4.7
16.89992424,-42.36201968,4.7
18.7045617,-9.05255357,4.7
19.93061806,-26.29968718,4.7
21.17235307,10.13194861,4.7
22.90677342,84.34611856,4.7
23.55461808,-20.91452506,4.7
2.99524897,8.90740111,4.71
3.48949623,-62.93843436,4.71
4.87554547,14.25077828,4.71
5.09185843,-57.47298928,4.71
5.49555043,-1.09217557,4.71
5.54546505,32.1920314,4.71
9.35822189,-25.96541642,4.71
9.38676009,-28.83392305,4.71
11.74604415,-18.35061467,4.71
13.10464732,-48.46325358,4.71
13.96081578,-63.68661603,4.71
19.90411715,8.46165027,4.71
21.29895737,-32.17248551,4.71
23.16524358,-22.45759248,4.71
1.4321956,68.12994739,4.72
5.36270768,-0.38246922,4.72
5.85066951,37.30568175,4.72
6.17164253,-54.96866057,4.72
8.18786703,-12.92701835,4.72
9.4550826,-22.3434176,4.72
10.43190753,33.79626364,4.72
10.50557641,-71.99271995,4.72
10.55388811,40.42554046,4.72
12.07201048,-63.16571094,4.72
12.34530365,17.79265307,4.72
13.2923992,40.57256275,4.72
16.0466253,46.03685378,4.72
17.27686266,-0.44514192,4.72
21.71094923,-18.86630105,4.72
2.42705582,50.27866588,4.73
6.91072051,13.17801628,4.73
8.19052689,-42.98728888,4.73
11.03046358,-2.48449705,4.73
16.10817322,-45.17327517,4.73
16.14953571,36.49010935,4.73
20.87755716,-8.98323782,4.73
0.52953275,54.52232473,4.74
1.3244383,27.26408682,4.74
2.53479923,-15.2443199,4.74
2.66331092,-42.89163328,4.74
3.33312687,65.65232717,4.74
3.51029163,-5.07516332,4.74
8.15023843,-61.3017058,4.74
8.68698335,-47.31714129,4.74
9.04242386,67.62957486,4.74
13.30693666,-18.30861062,4.74
14.16526573,-53.43872584,4.74
15.85442865,20.97787548,4.74
17.99654353,-23.81601126,4.74
19.05189794,-42.09499443,4.74
19.52953362,34.45297707,4.74
20.99709729,47.52094507,4.74
22.05523045,-2.15533588,4.74
23.63081536,-45.49232134,4.74
7.24392901,-48.27192832,4.75
11.80402484,-66.81487085,4.75
13.88681897,-31.92758624,4.75
14.26946375,51.36701398,4.75
15.69911629,-19.67857446,4.75
15.7113992,-34.71033325,4.75
20.59299116,-60.58129819,4.75
23.3103908,68.11141807,4.75
0.52357113,-48.80356171,4.76
2.84126023,-75.06688108,4.76
2.85065164,-21.0039789,4.76
5.87401187,1.8551579,4.76
6.3141055,69.3200343,4.76
7.96114215,-30.33458703,4.76
9.68806276,-23.59152139,4.76
10.70392889,-64.4664538,4.76
11.31887317,38.18572227,4.76
12.40041175,51.56222925,4.76
12.98207385,17.40936063,4.76
13.45756613,-15.97363075,4.76
13.86319154,34.44431774,4.76
14.37697832,-58.45915834,4.76
17.36653743,-67.7706496,4.76
17.67325897,-49.41515481,4.76
19.27028877,21.39044277,4.76
21.63200744,62.08194667,4.76
23.11853866,25.46833959,4.76
0.73650151,-10.60927365,4.77
3.09234047,56.7055481,4.77
5.64808105,-7.21270844,4.77
6.78884564,8.03728277,4.77
9.32955521,-11.97488214,4.77
11.50524494,-3.00345887,4.77
12.9058817,-9.53894647,4.77
17.61585831,68.75718933,4.77
18.05136409,-8.18025785,4.77
18.54292285,57.04561627,4.77
20.05928093,-37.94049103,4.77
20.29644567,38.0329471,4.77
20.34439076,-12.75904403,4.77
20.48100657,-17.81366828,4.77
22.79137428,83.15371558,4.77
0.02662528,-77.06529438,4.78
0.88346958,-1.1442206,4.78
2.1414294,37.85918337,4.78
3.76731462,63.34506772,4.78
4.50932474,16.19407556,4.78
4.99880918,-12.5372045,4.78
5.5840781,-6.00202867,4.78
8.14097319,51.50667575,4.78
8.22486734,-35.89954225,4.78
9.73670284,-27.76956287,4.78
10.32897506,19.47143591,4.78
12.37508865,25.84618178,4.78
13.29341302,5.46984502,4.78
14.34515304,-45.1868814,4.78
14.38497437,-27.75373395,4.78
17.52359746,-23.96258036,4.78
17.83641944,-40.09042823,4.78
18.75746005,-64.87089771,4.78
22.35536877,28.33051592,4.78
22.46429917,4.6964107,4.78
0.24336336,20.2066972,4.79
1.96549317,23.5960961,4.79
4.877222,36.70319636,4.79
8.37547184,-48.49039742,4.79
9.34911953,-62.40463293,4.79
13.25416605,-67.8945633,4.79
15.85387148,35.65822638,4.79
16.50346608,-25.11515935,4.79
17.81957591,-31.70318435,4.79
18.00438821,4.36864674,4.79
20.25441415,25.59196924,4.79
22.16343527,72.34119936,4.79
22.26024577,-41.34675029,4.79
0.70107895,50.51254151,4.8
0.88452203,61.12355735,4.8
3.26389633,-8.8198405,4.8
4.35920796,46.4989629,4.8
4.4015816,17.44421161,4.8
5.0239847,-7.17397802,4.8
6.6555075,42.48901214,4.8
9.17320171,67.13423886,4.8
9.26979967,54.02171207,4.8
9.3413961,-9.55562948,4.8
10.73526031,-63.9611007,4.8
12.58086605,22.62918961,4.8
13.11964107,27.62490672,4.8
14.1475025,77.54743312,4.8
14.29994891,35.50947085,4.8
14.72371441,26.52789077,4.8
15.03514226,25.00825646,4.8
16.30497801,-28.61377598,4.8
17.28876958,33.10011419,4.8
20.22167833,46.81567038,4.8
20.88742924,44.38726652,4.8
21.34599543,-40.80950852,4.8
22.42128123,1.37739245,4.8
22.69594714,29.3076892,4.8
11.3035119198,31.53685216,4.8
5.16165538,15.59727157,4.81
5.22928523,-67.18534976,4.81
5.29139537,-34.89438961,4.81
5.96657158,25.95391597,4.81
8.005547,-63.56750271,4.81
9.58440346,39.62144313,4.81
11.41016816,-10.85938276,4.81
14.4700612,-2.22795009,4.81
18.42250987,-20.54160918,4.81
20.64202565,21.20117964,4.81
20.81563705,46.11414081,4.81
1.9527758,-47.38529869,4.82
5.22381432,38.48467394,4.82
6.65464344,-14.14574673,4.82
6.89247515,-20.22426366,4.82
7.5633244,-14.52390109,4.82
10.37211278,-41.65010791,4.82
10.51049009,55.98061759,4.82
12.44216338,-51.4506115,4.82
13.62436025,36.29484073,4.82
14.17331901,25.09182293,4.82
16.03824696,22.80439543,4.82
16.3679,1.02892219,4.82
16.82061092,45.9834478,4.82
17.01767375,-4.22245426,4.82
18.43305219,65.56354628,4.82
18.90660174,71.29708956,4.82
21.0734235,-19.85493122,4.82
22.35863091,12.20517262,4.82
22.51078194,-10.67788619,4.82
23.29572675,49.01528336,4.82
23.69605484,-17.81653327,4.82
0.91672028,58.97279657,4.83
1.46085698,45.40695287,4.83
2.65936992,-11.87158159,4.83
2.75903683,-67.616724,4.83
7.14752121,-39.65567374,4.83
7.27689913,-23.31560155,4.83
8.35639843,-33.05437199,4.83
8.70705844,-53.11404062,4.83
13.05926331,-49.52723627,4.83
15.06324494,47.65401409,4.83
15.21377909,-44.50035965,4.83
16.47736803,41.88169065,4.83
17.08037529,-34.12292247,4.83
18.7679078,26.66207055,4.83
18.95100947,-5.84621426,4.83
18.97874276,-37.10708855,4.83
1.50303973,6.14393314,4.84
2.22037244,44.23168903,4.84
2.28400489,34.22482985,4.84
3.32264969,3.36997055,4.84
4.23233081,9.26389844,4.84
5.68825428,16.53418318,4.84
7.65759832,-38.3080602,4.84
8.58879117,-58.0092947,4.84
11.00934429,3.61753351,4.84
11.75472355,8.25817475,4.84
14.32925578,16.30680118,4.84
16.54344396,11.48823391,4.84
16.68197761,64.58908555,4.84
16.75494158,56.78168723,4.84
19.98254898,-26.19582739,4.84
22.7249913,-41.41411843,4.84
22.76051446,-53.50016316,4.84
23.11022495,59.41976474,4.84
16.0728309494,-11.3741501261,4.84
3.19895514,74.39386878,4.85
3.31217331,34.2226737,4.85
7.49761504,-23.02429924,4.85
10.14895935,-51.81126187,4.85
13.20096299,-37.80313606,4.85
15.2941355,-63.61048662,4.85
17.94650712,-44.34219871,4.85
18.34779503,3.37714467,4.85
18.97437645,-52.93860748,4.85
0.46547573,-33.0070446,4.86
3.30613767,-22.51114978,4.86
6.77059796,59.44169108,4.86
8.66180298,-29.56086189,4.86
10.58488566,75.71298403,4.86
13.28695416,-66.78342263,4.86
14.38965001,8.44664037,4.86
14.69409903,8.16175611,4.86
16.36830281,30.89173424,4.86
16.56806118,-44.04530868,4.86
16.64580222,48.92827739,4.86
17.53774416,55.17280674,4.86
17.72384859,-21.68308566,4.86
18.73871097,-35.64192109,4.86
18.90282646,-22.7448202,4.86
19.25899921,-25.25660677,4.86
20.62645548,-61.52974415,4.86
22.09463666,5.05828453,4.86
1.37233139,45.5287566,4.87
2.59791361,5.59330163,4.87
3.24836521,21.04462873,4.87
4.23991476,-10.2558889,4.87
7.22038085,-45.18252474,4.87
8.69537054,-15.94314865,4.87
8.92542099,-27.68162589,4.87
9.90345515,-25.93248205,4.87
10.62049965,-27.41268661,4.87
10.78090115,-64.38349702,4.87
19.77272756,-19.76089482,4.87
21.57957705,38.53382684,4.87
2.4325034,-12.290452,4.88
5.4605789,21.93698219,4.88
5.81693318,24.56755473,4.88
5.88524565,-33.8014395,4.88
7.31121689,-24.55870761,4.88
11.99380313,-78.22181833,4.88
12.69805765,10.23584294,4.88
13.00457929,30.78503676,4.88
16.93371098,65.13467204,4.88
17.96327959,-41.71625842,4.88
18.7253445,-8.27524299,4.88
19.29391266,-18.95288215,4.88
19.58694271,-48.09911061,4.88
23.78427407,58.65185164,4.88
23.97789182,-3.55580738,4.88
23.98348048,55.75494069,4.88
0.18775227,-15.46732287,4.89
4.83185181,37.48818131,4.89
5.4124518,1.84644611,4.89
5.82581763,12.65136584,4.89
7.65276566,34.58463287,4.89
7.76874825,18.51016877,4.89
10.522843,-53.7159928,4.89
10.62590207,-13.38445095,4.89
11.77562416,-40.50133452,4.89
11.86424246,-65.20589445,4.89
12.88826967,21.24502058,4.89
14.30388069,-81.00760147,4.89
17.08962783,12.74085469,4.89
17.53622721,55.18411077,4.89
19.737931,37.35426967,4.89
20.83279986,-33.7796732,4.89
22.65435525,39.05028301,4.89
23.50053318,58.54890978,4.89
0.81388703,50.96819154,4.9
1.42700257,-14.59875437,4.9
5.70796232,1.47466498,4.9
6.96031249,45.09410202,4.9
12.84477415,-33.99926779,4.9
13.23761891,-59.10285946,4.9
16.05672293,-38.60247122,4.9
16.09071534,-19.80184191,4.9
16.47438923,-70.08467012,4.9
19.85113712,22.61008676,4.9
20.82470255,-46.22689249,4.9
2.7041469,40.19438688,4.91
4.53129707,-0.04399115,4.91
5.02376607,-20.05188078,4.91
5.12407668,18.64500711,4.91
6.33322344,-2.94449028,4.91
7.17046719,-4.23763568,4.91
7.19424789,39.32054373,4.91
10.64305918,-16.87663687,4.91
12.69905466,-59.68581085,4.91
13.57992952,37.18243871,4.91
15.01621879,-8.51893488,4.91
15.24370163,-31.51912564,4.91
16.69288785,-17.74216462,4.91
17.08893952,54.46986308,4.91
19.92717285,52.43902327,4.91
20.49415518,-2.8854763,4.91
20.61211862,-2.54991814,4.91
22.5500035,-61.982073,4.91
22.9204512,8.81609536,4.91
1.94448852,-22.52671153,4.92
6.03067383,-10.59793918,4.92
6.08309238,-16.48442713,4.92
6.41497277,49.28789903,4.92
7.06490443,-49.58425759,4.92
7.51791117,82.41156871,4.92
9.26021159,-38.56991789,4.92
11.08889795,-27.29359566,4.92
12.44002048,27.26826273,4.92
13.56886258,3.65902506,4.92
13.82856109,21.26406422,4.92
14.74977641,-35.19182069,4.92
15.40331392,-10.32189476,4.92
18.11385681,-43.42496169,4.92
18.33830655,21.9614409,4.92
18.52928779,-45.9147436,4.92
18.88709481,50.70828894,4.92
20.74792311,25.27104823,4.92
4.18067583,-41.99374121,4.93
4.28769059,20.57874033,4.93
4.34018223,34.56674228,4.93
4.98760428,37.8904824,4.93
7.59436116,-52.53380809,4.93
7.7167938,58.71048707,4.93
7.99560686,-3.67957835,4.93
8.94956307,-59.22935883,4.93
9.70407542,-23.91620867,4.93
11.53789374,-29.26137351,4.93
11.68157018,-62.09010401,4.93
12.27237644,23.94542332,4.93
12.86164661,27.54073393,4.93
13.01210715,56.36633134,4.93
14.18068985,-16.30200362,4.93
14.85028336,-2.29884995,4.93
15.12165196,24.86959294,4.93
16.20000043,-10.06418514,4.93
19.61484682,-7.02747069,4.93
20.12310238,-52.88080972,4.93
20.15711576,36.83959003,4.93
20.24221735,36.8061354,4.93
20.78631233,34.37410329,4.93
23.28081957,-7.72646619,4.93
23.73317723,29.36155278,4.93
2.20620108,30.30321507,4.94
2.98436382,35.18311415,4.94
6.93777476,-48.72116448,4.94
7.37042501,-19.01658444,4.94
8.05863865,27.79441794,4.94
8.82990231,-45.30790977,4.94
9.9145103,-19.00926985,4.94
10.40218301,65.56647366,4.94
10.51724293,-73.2215089,4.94
13.15091194,-23.11797275,4.94
13.22860596,40.15284766,4.94
16.46640365,68.76805491,4.94
19.00022817,32.14549051,4.94
20.23794044,15.19746767,4.94
20.50098104,48.95155039,4.94
22.1690232,-32.54844042,4.94
0.72446964,47.02463657,4.95
1.33469935,58.2316161,4.95
3.95706542,63.07224944,4.95
5.68075438,-1.12878569,4.95
6.20091003,16.13044684,4.95
11.46561941,2.85629071,4.95
12.57890701,70.02177318,4.95
15.96982674,-14.27931773,4.95
16.22464842,-54.63041289,4.95
16.29180584,75.75470385,4.95
19.93104478,38.48670392,4.95
20.02908951,-59.37582804,4.95
22.86720757,43.31236494,4.95
23.44886258,1.25583758,4.95
23.77320469,3.48687164,4.95
1.67633449,40.57710624,4.96
1.69625436,42.61380692,4.96
2.56408677,-28.2323401,4.96
3.35739087,43.32965174,4.96
4.47399031,16.35962902,4.96
5.32127494,22.09669104,4.96
5.91410718,55.7069049,4.96
13.83120679,-18.13407618,4.96
15.96322025,54.74950359,4.96
16.05574082,-25.86514891,4.96
18.10053019,22.21889206,4.96
18.19536888,-23.70116777,4.96
18.19837968,31.4052884,4.96
23.41395751,62.28283877,4.96
1.25293547,-45.53209717,4.97
1.93333438,68.68526545,4.97
3.70628987,33.96503899,4.97
4.0216864,-61.07905148,4.97
4.33923187,27.35094069,4.97
5.92496954,-37.12060931,4.97
7.89162124,26.76585858,4.97
10.38282757,-66.90152522,4.97
12.33920904,3.31272688,4.97
13.47387511,13.78018777,4.97
14.46956759,-29.49157976,4.97
15.67136259,-23.81805841,4.97
16.28359319,-50.06811224,4.97
17.05218222,14.0921003,4.97
23.56587592,31.32532196,4.97
23.66306578,-14.22204281,4.97
23.76723303,46.42029095,4.97
1.71208803,-3.69011692,4.98
2.1570239,25.93997268,4.98
2.979935,-64.07129717,4.98
5.11129396,51.59814314,4.98
5.58772859,-5.38731536,4.98
5.58969439,-5.41606331,4.98
7.67311445,-15.26385208,4.98
8.66708871,-12.47537441,4.98
11.01245342,6.10150342,4.98
11.8323964,-70.2257858,4.98
12.44980668,26.8257216,4.98
15.52972009,40.89936876,4.98
16.02405295,29.85107821,4.98
18.39851359,58.8005852,4.98
18.93739246,4.20205672,4.98
19.34245505,-5.41587489,4.98
19.9320523,58.84601982,4.98
0.07503398,-10.50949443,4.99
2.03835394,54.48754946,4.99
3.46751392,49.06293148,4.99
3.70413865,-31.93839587,4.99
3.95230352,61.10891703,4.99
4.64822048,-12.12307828,4.99
5.38055592,3.54444809,4.99
6.84610087,41.78156548,4.99
6.8478748,-34.36732059,4.99
7.04854986,-4.23923814,4.99
7.42747186,9.27611835,4.99
8.22221528,-15.78821451,4.99
9.09954939,5.09234249,4.99
9.18455627,-44.86791223,4.99
9.5324423,11.3000307,4.99
11.38044827,43.48273665,4.99
12.27504856,33.06179861,4.99
13.69578188,-54.55936543,4.99
14.20439733,2.40949613,4.99
15.36899835,-47.92746963,4.99
15.38672952,30.28824114,4.99
15.99174884,-41.74439602,4.99
18.23148847,64.39719935,4.99
19.40210326,29.6213112,4.99
20.07210082,-32.05626941,4.99
22.14053557,-34.04372111,4.99
22.94055518,49.73355094,4.99
23.31601414,-9.610731,4.99
4.07421213,59.15550819,5
5.40703064,17.38355205,5
6.12545336,-37.25292114,5
6.26246633,-13.71838696,5
6.93517966,-14.04344644,5
7.30888306,49.46474619,5
9.6201968,6.83577519,5
11.38686175,-36.16476782,5
11.72533328,-62.48939856,5
15.52362616,77.34933897,5
16.13459624,17.04699349,5
17.98479993,-30.25300479,5
18.12464955,43.46203247,5
18.91863112,-22.67125323,5
19.0239888,46.93502175,5
19.23199019,57.70525514,5
19.57635776,19.77339742,5
19.7737733,33.72868813,5
23.95971437,-64.29808259,5
8.7449201074,-54.7070032085,5
16.0728309494,-11.3741501261,5
19.1067621235,-37.0610654596,5
0.17201167,46.07227117,5.01
0.46745682,17.89307501,5.01
1.65583862,44.38612827,5.01
5.03604611,-26.27484321,5.01
5.25678102,32.6875699,5.01
6.18750418,-65.58970507,5.01
6.29856443,61.51529221,5.01
7.49688365,27.91619925,5.01
7.87105642,-34.70602121,5.01
8.5787802,-49.94424627,5.01
9.56911146,-51.25528201,5.01
10.71778873,69.07624525,5.01
11.65823138,-65.3977489,5.01
12.31661903,-55.14297519,5.01
12.43083253,39.01869867,5.01
12.50187813,69.20126087,5.01
17.33857379,18.05721601,5.01
19.81629133,19.14197806,5.01
19.96583898,-15.49126255,5.01
4.48058362,13.04763905,5.02
5.4108728,37.38537514,5.02
9.55346458,-21.11575904,5.02
10.54913353,-47.00336923,5.02
10.92901737,33.50699574,5.02
13.94282293,27.49219844,5.02
14.88085801,-37.80311642,5.02
15.2849671,71.82387844,5.02
17.8178705,50.78054478,5.02
17.82414913,76.96227797,5.02
18.3590791,49.12146945,5.02
18.7472036,2.06007487,5.02
18.95568824,-20.65633439,5.02
19.42123628,-24.50844892,5.02
21.79560369,-30.89830582,5.02
2.10942012,22.64840404,5.03
4.83655253,-16.21728342,5.03
6.05432252,-26.28475048,5.03
7.28039325,-36.59264813,5.03
7.76579909,-14.56382026,5.03
8.49096888,-44.72482773,5.03
10.99117105,40.43012281,5.03
12.58548958,18.37700118,5.03
13.69356408,-8.70308218,5.03
14.24921219,-57.08607539,5.03
16.86257093,24.65641963,5.03
17.03129146,-32.14340148,5.03
17.31027377,10.86471277,5.03
18.71054339,55.53940044,5.03
19.38088349,-54.42372882,5.03
19.51106221,-2.78886135,5.03
19.84381492,52.98816657,5.03
20.90934366,28.05763154,5.03
0.03886504,-29.72044805,5.04
1.13353292,43.94224107,5.04
1.76837191,-53.52218065,5.04
3.27005684,50.93771066,5.04
4.7009573,-37.14476616,5.04
5.9845299,-9.55813955,5.04
6.11760078,-62.15441128,5.04
6.27404723,12.2717103,5.04
6.71805786,44.52452351,5.04
7.39126503,25.05060041,5.04
7.65794198,17.67451551,5.04
7.71587806,-45.17177284,5.04
8.11120663,-45.26604229,5.04
12.0796288,-76.51917475,5.04
13.20096794,-16.1979034,5.04
13.41871122,-74.88749735,5.04
13.49034874,-51.16511504,5.04
15.28247175,-60.95724479,5.04
15.32182775,1.76665611,5.04
15.51548634,40.83306815,5.04
15.88890578,-20.16699405,5.04
21.30755046,43.9459669,5.04
21.61582695,40.41349052,5.04
21.98752881,73.18028413,5.04
22.62928361,-4.22776291,5.04
3.31878291,50.09502752,5.05
3.81977891,24.13682565,5.05
5.08276459,-49.57783014,5.05
5.33358917,33.95806265,5.05
6.6437868,-48.22023129,5.05
7.67530319,87.02015634,5.05
8.65224163,-22.6629058,5.05
18.11711321,30.56186809,5.05
22.19182897,59.41451451,5.05
23.15873745,8.67717165,5.05
23.33903807,5.38145156,5.05
23.79854102,67.80681263,5.05
3.70259638,63.21675891,5.06
5.25676816,-26.94343723,5.06
5.36285213,-24.77294996,5.06
6.14565114,-68.84345717,5.06
6.19772671,-6.55028276,5.06
6.46599222,-4.76214677,5.06
7.57185383,-23.47366319,5.06
8.30521599,-65.6132455,5.06
10.103117,-47.36986491,5.06
11.01402228,39.21213189,5.06
14.37311027,-80.108911,5.06
17.17843068,-44.5575511,5.06
19.68058707,45.5246494,5.06
19.70863683,-16.12397392,5.06
20.02265235,50.10467998,5.06
20.64219673,24.11597742,5.06
20.83467543,44.0589822,5.06
20.8583472,-51.60816692,5.06
21.222344,-70.12621725,5.06
23.87480337,19.12037002,5.06
0.5454984,-63.03137868,5.07
0.81630825,16.9411337,5.07
3.21286767,-1.19593294,5.07
4.51391602,-44.95374351,5.07
4.66519087,53.07957406,5.07
5.40803085,-0.89166902,5.07
6.97364048,-34.11172588,5.07
7.22285194,16.15906775,5.07
7.48901759,28.1184038,5.07
7.79027771,-38.51115599,5.07
9.53266183,9.7157982,5.07
9.56486254,-80.94129374,5.07
9.67177198,-14.33224542,5.07
9.8751308,-8.10491559,5.07
10.58002043,6.95361136,5.07
11.52946476,-59.44206384,5.07
14.21278697,-27.26110002,5.07
16.60381444,52.92435554,5.07
17.15924486,40.77701519,5.07
17.53274721,68.13470186,5.07
18.53387342,-45.7573539,5.07
19.1162787,11.07130501,5.07
20.65210902,10.08615196,5.07
21.83074498,30.17427852,5.07
22.08577535,62.27982101,5.07
17.2561897482,-26.5875605536,5.07
0.60230209,54.16845384,5.08
3.80451445,11.14336637,5.08
4.6525548,15.80003442,5.08
4.85622592,18.83994085,5.08
5.37604924,79.23075701,5.08
5.46080204,34.47598643,5.08
6.17061203,-74.7525279,5.08
6.79367322,-8.99850109,5.08
7.95511959,-44.10987569,5.08
8.46018077,-53.08853976,5.08
9.80977356,46.02123319,5.08
10.50486195,-0.63697208,5.08
10.5669142,-23.74521609,5.08
10.6057123,-59.56429542,5.08
10.7236194,23.18838442,5.08
11.38946455,-18.77990277,5.08
12.91025591,-57.16864387,5.08
14.9455562,-62.78098762,5.08
18.91197646,-15.60302217,5.08
20.11483274,23.61442409,5.08
20.4553343,-18.21169433,5.08
21.88821772,-13.55180134,5.08
22.59604907,73.64312707,5.08
0.80975515,-74.92335356,5.09
1.95584261,17.8175894,5.09
3.50006398,55.45183695,5.09
5.0057547,81.19402107,5.09
6.56053354,-1.22011054,5.09
7.36580538,20.44371648,5.09
7.43940435,-51.01849597,5.09
7.9849229,-23.31040264,5.09
8.23286613,-36.32229977,5.09
8.84262884,-46.52919614,5.09
9.43832709,-53.37893587,5.09
9.77546226,57.12798971,5.09
9.83254485,-45.73276023,5.09
11.3892865,-64.95473134,5.09
12.26673192,14.89914477,5.09
15.8543465,-3.09042957,5.09
16.18392418,-29.41600661,5.09
17.81365252,25.62296216,5.09
18.37183447,-38.65682498,5.09
20.08596517,19.99087704,5.09
21.66973916,43.27380044,5.09
21.8843785,25.92513878,5.09
22.10054442,45.01438566,5.09
22.3337445,-80.43964301,5.09
23.04342692,42.7578062,5.09
23.38459921,12.3139519,5.09
23.7228768,10.33150851,5.09
2.95480013,31.93429432,5.1
3.37924226,20.7421051,5.1
4.16744046,80.69867409,5.1
4.39773267,9.46098377,5.1
5.83154263,-66.9012309,5.1
11.81252928,-26.74975369,5.1
13.28141977,-31.5060767,5.1
14.40316398,5.82011481,5.1
16.02065165,17.81802578,5.1
16.77778168,-67.10965828,5.1
17.40363683,-44.1625017,5.1
18.1480162,20.04528382,5.1
19.30902467,1.08508548,5.1
21.6592458,2.24376298,5.1
21.75006858,-9.08242443,5.1
23.00141774,56.94538131,5.1
23.86852606,-82.01876765,5.1
1.49336117,-21.62934677,5.11
3.8941456,-34.73229529,5.11
5.14546298,-4.45624625,5.11
6.89506697,68.88829173,5.11
7.31060908,-36.74274935,5.11
9.96142902,41.05569741,5.11
11.14277934,-61.94717969,5.11
13.43545527,-39.75496493,5.11
15.9248926,-68.60298616,5.11
18.40383382,39.50724983,5.11
18.72970586,-38.32331062,5.11
19.15270791,76.56079335,5.11
20.66729623,-60.54750937,5.11
20.80805543,-43.98827127,5.11
21.9442067,63.62556651,5.11
22.27404682,-41.62720198,5.11
22.64385201,56.79571012,5.11
22.73485708,41.81922714,5.11
1.90612786,-42.49688104,5.12
3.06025103,-59.73761994,5.12
5.11267966,-4.65516319,5.12
7.17986076,-48.93257706,5.12
7.36741345,36.76063782,5.12
7.72828548,-40.93332961,5.12
7.86166577,1.76687765,5.12
9.27306594,-44.26574592,5.12
9.56237775,-49.0050932,5.12
10.69910623,65.71646212,5.12
10.89292189,54.58515228,5.12
11.53022427,-59.51564932,5.12
12.59600404,-41.02194744,5.12
12.77743147,16.57764912,5.12
17.73575474,-51.83358836,5.12
18.35028265,28.86983516,5.12
18.52397242,-18.40264541,5.12
18.58398986,-10.97719406,5.12
19.51261019,27.9652789,5.12
19.58534812,-10.56043644,5.12
19.85041673,10.4160539,5.12
20.5652953,-44.51596141,5.12
22.35988207,-21.59802435,5.12
23.05826751,-34.74961718,5.12
0.03039927,-3.02747891,5.13
0.24099785,-7.78053784,5.13
1.29666224,3.61452038,5.13
2.46713611,-33.81105246,5.13
3.41126703,64.58599618,5.13
5.58790724,-5.38969624,5.13
8.33440897,27.21862138,5.13
8.43188534,7.56452889,5.13
11.54837498,-31.08723547,5.13
14.13215181,43.8545248,5.13
15.08865233,-41.06723379,5.13
15.5770304,-28.04690734,5.13
16.25426315,-47.37190984,5.13
17.348394,24.49943984,5.13
19.19458917,56.85909594,5.13
21.07861906,-77.02286938,5.13
23.98214541,-52.74595629,5.13
0.61290861,44.48850971,5.14
1.23999082,-7.9235004,5.14
3.50679886,11.33648129,5.14
3.82575068,33.09138142,5.14
5.43868804,-58.91259871,5.14
6.05760007,19.69061033,5.14
6.83183806,-46.61547007,5.14
6.84919114,67.57192306,5.14
7.01430699,-51.4026336,5.14
7.06057587,10.95184577,5.14
7.07175527,-56.7497313,5.14
7.62131404,-4.1110225,5.14
7.79176019,33.41576665,5.14
7.96437042,-45.57774475,5.14
8.08458605,13.11837053,5.14
8.22671202,-46.9916532,5.14
10.78263744,-56.7571908,5.14
11.47641866,-42.67421801,5.14
11.61688935,-61.28344643,5.14
12.20330922,77.61619242,5.14
12.34880994,-13.56574902,5.14
13.30403901,49.68201519,5.14
14.32570817,-2.26534352,5.14
15.58747225,39.01004619,5.14
15.9481893,-33.96602225,5.14
17.30019909,-24.28688289,5.14
18.97683186,-60.20062859,5.14
19.22852764,2.2937137,5.14
19.42459542,19.79853912,5.14
19.88815858,57.52346329,5.14
20.31085273,34.98278431,5.14
20.69918418,-66.76062542,5.14
1.18521479,31.42476555,5.15
2.0284451,-44.71339037,5.15
2.53503775,36.14723132,5.15
6.29492571,-16.81591325,5.15
7.77757202,37.51736326,5.15
8.72785444,-49.82281081,5.15
8.8657895,43.72649196,5.15
9.13987031,66.87333335,5.15
9.71589957,72.25268512,5.15
10.22518961,-66.37283938,5.15
11.12132112,-42.63878147,5.15
11.63538108,-61.82655484,5.15
12.06092076,-42.43378714,5.15
12.36871851,-67.52209279,5.15
13.13161191,-10.74038528,5.15
13.78232259,-36.25190473,5.15
14.76671605,-25.44291557,5.15
14.84479547,-15.99709226,5.15
15.24388985,67.34767598,5.15
15.26778656,-41.49114318,5.15
15.47730179,1.84216258,5.15
16.76385916,8.58257816,5.15
19.99866531,37.04288602,5.15
20.65689762,0.4864919,5.15
20.66748847,-18.1386063,5.15
20.77746325,16.12462394,5.15
23.19560967,8.72012785,5.15
0.35200719,37.96869954,5.16
2.37262059,55.84565637,5.16
2.94373476,-3.71221461,5.16
3.31047801,50.22223526,5.16
5.84811626,-52.1086873,5.16
6.52306102,-12.39190922,5.16
7.86287326,-13.89719057,5.16
8.25443165,-62.91561677,5.16
9.15598164,22.04544728,5.16
10.58600621,57.08254651,5.16
13.91172123,-1.50307142,5.16
15.08001369,-64.03137307,5.16
15.42983476,15.42805438,5.16
15.57403676,-9.18334968,5.16
18.53925187,-39.70390941,5.16
21.38155049,6.81111338,5.16
21.69248133,-14.0468604,5.16
22.87326847,9.83555733,5.16
0.50629756,-23.78771429,5.17
0.83547899,-10.64377045,5.17
1.13692251,54.92422766,5.17
2.63391336,72.81821481,5.17
2.74930761,12.44596709,5.17
4.39468898,-3.74533244,5.17
7.82810226,-17.228123,5.17
8.9812295,-47.23482313,5.17
8.99010582,-59.08439697,5.17
11.93360653,-17.15080863,5.17
12.13058005,-75.36706513,5.17
12.40514991,26.09861325,5.17
12.68778427,-13.01392023,5.17
12.95121681,-51.19871605,5.17
17.88833939,40.00783707,5.17
19.10553461,-52.34063012,5.17
19.4160473,11.94285122,5.17
19.43586774,36.31786478,5.17
19.61057074,44.69518822,5.17
21.087287,-54.72695035,5.17
21.26052514,-20.65169052,5.17
23.85592272,-18.90915459,5.17
13.166783693,17.5269626996,5.17
0.35866009,-28.98129509,5.18
0.47044031,44.39448925,5.18
1.71548024,70.62255881,5.18
4.11011055,27.60002519,5.18
4.9130296,11.42597336,5.18
5.19487817,16.04565766,5.18
5.53129495,-76.3416634,5.18
5.66227573,25.89714891,5.18
5.76663692,-32.30637997,5.18
6.99738276,-67.91701197,5.18
7.41116399,-16.20142374,5.18
8.35584704,-36.48419365,5.18
8.425372,-51.72745683,5.18
8.66600626,-53.05478181,5.18
9.23904198,61.42339501,5.18
10.72586595,46.2040376,5.18
11.28815783,2.01090315,5.18
11.42876782,-63.97231572,5.18
14.20112597,69.43266873,5.18
14.92630767,-60.11389133,5.18
18.87766837,-52.10713766,5.18
19.65323339,5.39778241,5.18
19.84277401,38.72216211,5.18
20.25839923,23.50892242,5.18
20.52511079,74.95465942,5.18
21.71781267,72.32018258,5.18
23.78777432,-50.22640416,5.18
2.37567248,-23.81631542,5.19
2.40691499,50.00663318,5.19
5.1261142,-63.39957018,5.19
6.07041764,-6.7089502,5.19
6.45382213,0.29926632,5.19
7.99376285,-60.58708857,5.19
8.65142451,-70.38665235,5.19
8.8309725,-32.78040797,5.19
10.49131408,-2.73904701,5.19
11.60072662,69.32325973,5.19
13.2796426,9.423693,5.19
15.11044954,-16.25676124,5.19
15.77776517,62.59969448,5.19
16.51371485,-61.63348127,5.19
17.43334144,-50.63353205,5.19
20.23736696,28.69486353,5.19
20.92685526,13.72156383,5.19
21.32283696,64.87184231,5.19
22.64418183,63.5845212,5.19
23.37752798,-15.03938012,5.19
0.50203771,29.75169567,5.2
0.58740026,-3.59275785,5.2
4.27864029,53.61180318,5.2
4.56990048,-8.23135939,5.2
5.91606253,59.88841219,5.2
6.24748218,19.15688949,5.2
6.49126103,-56.85284448,5.2
6.70675626,17.64551421,5.2
7.04021795,24.21544652,5.2
7.06744664,-42.33745341,5.2
7.26528329,59.63809569,5.2
7.46233179,21.44554856,5.2
8.15997862,-44.12277919,5.2
8.67200475,-40.2638933,5.2
8.69914264,-45.4107261,5.2
11.69554232,-32.49932237,5.2
12.3426974,-22.21583387,5.2
13.095684,35.79885169,5.2
13.97532724,-24.97217754,5.2
16.37261707,33.79914473,5.2
18.45347498,0.19612982,5.2
18.79572209,-40.40612167,5.2
18.9504082,32.90162351,5.2
19.12374874,32.50166027,5.2
21.10685587,-32.34163849,5.2
21.11412083,38.74149446,5.2
23.31847474,-13.45844256,5.2
1.12995146,-41.48693516,5.21
1.22883399,7.57548895,5.21
2.67766108,-54.54992422,5.21
4.11681038,29.00128762,5.21
5.98043916,0.55297359,5.21
6.40287589,-11.53000982,5.21
6.44691089,58.41741346,5.21
6.69899062,-9.16742468,5.21
11.42486971,-36.06310533,5.21
13.26627284,-19.94282246,5.21
13.54946976,-10.16490767,5.21
15.83820259,2.19662489,5.21
17.38780026,-47.4681538,5.21
22.57819409,-20.70785949,5.21
0.74567703,-22.00633247,5.22
2.09210494,76.11511028,5.22
2.97835933,-2.78272383,5.22
4.24339945,10.01143911,5.22
4.62669628,-2.47339212,5.22
5.10234992,58.97239085,5.22
5.36344588,41.80466344,5.22
6.53008012,11.5443434,5.22
6.79432798,48.78946087,5.22
7.03233138,-5.72208135,5.22
7.46724352,6.94207694,5.22
7.79208606,-46.60850937,5.22
7.99122921,-39.29683773,5.22
8.95414248,15.32271727,5.22
11.21257516,-64.16978296,5.22
11.44317623,-61.1151713,5.22
12.0352953,43.04546506,5.22
12.76031168,7.67331477,5.22
14.33102882,-61.27275714,5.22
14.78369739,-52.38331777,5.22
16.79623089,5.24684013,5.22
18.8278076,-20.32474038,5.22
18.83136802,32.55108873,5.22
19.38080138,26.2624297,5.22
20.02459214,64.82100457,5.22
21.49080919,46.54033179,5.22
23.52144376,39.2364018,5.22
1.35204276,28.73838983,5.23
2.21332884,21.21098318,5.23
3.10930225,-6.08854227,5.23
6.74124138,-31.07053787,5.23
7.402353,40.67244066,5.23
8.16198877,-47.9372165,5.23
8.92769133,27.92756265,5.23
8.99241237,32.41864339,5.23
9.0290481,-52.18871825,5.23
9.12911787,10.66821521,5.23
9.98120556,-35.89093311,5.23
10.77489193,-64.26326386,5.23
10.89152267,-20.13815014,5.23
12.92459864,65.43854743,5.23
14.79577255,-26.0874799,5.23
15.71065342,-37.4248964,5.23
16.24473355,33.85882404,5.23
16.85936724,-41.23053288,5.23
16.90991987,-6.15392897,5.23
17.58312521,61.8758315,5.23
19.14997707,6.07339716,5.23
20.03371501,24.93787365,5.23
0.19552446,-35.13339606,5.24
0.84475779,-50.98692422,5.24
1.70831938,20.27015091,5.24
3.01449556,52.35179769,5.24
3.3030936,-62.50793537,5.24
3.60483116,-17.46704107,5.24
3.74180777,-1.16307844,5.24
3.79433898,-23.87479582,5.24
3.83858744,25.57964862,5.24
4.36478215,-63.38681514,5.24
4.56994214,-8.96998497,5.24
5.39106291,57.54453138,5.24
5.5943014,-4.8560862,5.24
6.77898306,43.57702483,5.24
7.30931107,-39.21030701,5.24
7.53498615,1.91448227,5.24
8.63115789,-26.25497008,5.24
9.24014021,-43.22752192,5.24
9.27825606,-6.35315487,5.24
11.64100267,8.13428325,5.24
13.18980764,-43.36850529,5.24
15.1046303,54.55628697,5.24
16.23080791,-11.83772219,5.24
16.46207137,-7.59755617,5.24
16.50933449,20.47934589,5.24
18.40506689,-44.1102013,5.24
19.95174539,-58.90131541,5.24
20.65453229,-14.95471233,5.24
20.98477135,4.29497561,5.24
21.70017747,-23.26262557,5.24
22.19680975,56.83904211,5.24
22.79255208,-19.61287445,5.24
23.73668394,-18.27692862,5.24
18.0511821179,-8.1812415379,5.24
1.70240155,-32.32685759,5.25
2.26563753,33.35897589,5.25
2.81704637,-62.80659207,5.25
5.39170995,-13.92734983,5.25
6.53925919,-37.69651376,5.25
6.62987325,-32.33989066,5.25
7.77117196,10.76831128,5.25
8.07116484,-32.67484684,5.25
10.29386016,-8.0689212,5.25
10.51806127,82.55853791,5.25
15.63043082,40.35328811,5.25
17.63487953,-54.50007025,5.25
18.03973602,20.83364838,5.25
18.38027658,17.82657724,5.25
18.76298795,74.08535352,5.25
19.12170263,36.10016754,5.25
21.21747985,-39.42464394,5.25
22.69129208,40.22546314,5.25
23.05912452,67.20918487,5.25
2.8215438,17.46434448,5.26
3.07124367,-7.60089934,5.26
4.34340131,15.09550358,5.26
4.34454581,65.14045287,5.26
5.8000644,6.4542102,5.26
6.58668383,28.02234399,5.26
9.23834016,-55.56970109,5.26
9.30163621,-51.05089519,5.26
9.97038636,12.44483936,5.26
10.14523273,-65.81553262,5.26
10.87523685,-57.24041437,5.26
11.59876549,-47.64152017,5.26
11.67975154,21.35284143,5.26
11.91180771,-25.71406632,5.26
13.86802776,-52.81146355,5.26
14.13815445,49.4580206,5.26
15.49007671,-46.7326907,5.26
15.60820887,10.0104549,5.26
16.36353927,69.10941712,5.26
18.99595238,26.23043204,5.26
22.06470278,63.11977885,5.26
1.501695,47.00737711,5.27
2.08529261,77.28145654,5.27
2.21512779,-30.72384252,5.27
2.52502287,2.26720689,5.27
2.52781132,-79.10924959,5.27
3.35378081,21.14714057,5.27
4.42359573,22.2001124,5.27
6.32855581,-7.82291023,5.27
6.78927966,-37.92967246,5.27
7.5601386,15.82669239,5.27
8.58766105,-58.22476298,5.27
9.92861269,49.81979501,5.27
10.22302267,-51.23293774,5.27
10.48127695,-64.17228466,5.27
11.7821135,55.62826771,5.27
12.71396743,-63.058616,5.27
13.4453457,-12.70761258,5.27
14.9055934,-24.64213517,5.27
16.34079548,-78.66742066,5.27
17.02676648,33.56826922,5.27
17.05241925,-53.23662642,5.27
18.98492467,13.62254853,5.27
20.28202333,40.3650796,5.27
21.84840237,-82.71882392,5.27
22.08346658,62.78552941,5.27
22.21949292,86.10785672,5.27
23.70772591,-15.44797581,5.27
1.64192808,73.04007203,5.28
3.94345438,50.69569169,5.28
4.02556496,-1.54962625,5.28
4.73919976,-59.73284052,5.28
5.13011904,20.41845485,5.28
5.62906752,-28.68979391,5.28
5.79525134,13.89963175,5.28
6.1282306,-19.16600403,5.28
6.49697967,-50.23895882,5.28
6.78085938,-14.42599569,5.28
6.85918048,21.76123162,5.28
8.36792276,-73.40005893,5.28
8.78750212,-1.89705972,5.28
9.26383568,56.74147744,5.28
9.29033647,-74.89439024,5.28
9.63938523,40.23976693,5.28
11.76222323,-45.69014545,5.28
12.01421389,-19.65899848,5.28
12.33020086,48.98413192,5.28
15.24144587,29.16422593,5.28
16.46590946,-64.05800515,5.28
16.63346092,56.01538883,5.28
17.44777318,-45.84296289,5.28
18.56604577,-33.01653262,5.28
19.296944,11.59539126,5.28
19.70944646,11.8266084,5.28
19.93728685,11.42370978,5.28
20.32322201,-19.1185068,5.28
22.40955299,-72.25377388,5.28
23.76690061,-18.67836913,5.28
0.16729695,-82.22399743,5.29
0.20276358,-17.93821766,5.29
1.76073734,-25.05243403,5.29
1.99388597,64.62163894,5.29
2.31583022,28.64267411,5.29
2.36573195,0.39569203,5.29
2.46944176,29.66953828,5.29
4.22586282,7.7160341,5.29
4.4350715,31.43920664,5.29
4.80006019,56.75753919,5.29
5.3330641,-12.31560456,5.29
5.7042197,-34.66793677,5.29
5.91391901,-52.63607272,5.29
6.92970275,-22.9414495,5.29
7.31424419,-26.58587077,5.29
9.86472905,24.3957937,5.29
12.48186605,25.91288804,5.29
14.24746181,10.1010097,5.29
18.25358485,-20.7282667,5.29
18.91323566,-87.60551487,5.29
21.44765832,48.83510521,5.29
21.53496142,-41.1793364,5.29
21.76787738,22.94888549,5.29
22.07984273,-0.90623994,5.29
0.68533204,39.45867141,5.3
2.6234069,-52.54308845,5.3
2.67806479,27.06100903,5.3
3.54064003,46.05704336,5.3
4.71290459,-50.48141805,5.3
4.71508302,43.36526451,5.3
5.04527913,-71.31432608,5.3
6.76650033,-14.79608441,5.3
7.20439475,-40.49877843,5.3
7.7352565,25.78421056,5.3
7.9724299,2.22452544,5.3
8.12940034,21.58197937,5.3
8.8227049,-3.44297063,5.3
9.23006386,43.21791261,5.3
9.67850073,-57.98357162,5.3
10.16832209,-12.81565791,5.3
11.48448958,39.33694235,5.3
17.3893308,-28.14276032,5.3
18.31963182,24.44604619,5.3
19.67870589,-16.29314555,5.3
19.99757777,-34.69763103,5.3
20.27974349,24.67114227,5.3
20.38630816,5.34307747,5.3
20.97120911,22.32591754,5.3
20.98459526,4.29384672,5.3
21.14267025,-21.19352539,5.3
21.45593451,37.11679196,5.3
21.70429027,5.68015144,5.3
23.12757711,46.38730373,5.3
23.67728113,-32.07299489,5.3
23.87697716,10.94732837,5.3
2.22667214,51.06623342,5.31
2.32134656,47.37998782,5.31
5.77426834,-46.59722012,5.31
7.73449659,50.43386115,5.31
8.8973891,-47.52071984,5.31
9.28252741,-39.40145479,5.31
11.26441578,13.30759308,5.31
11.68417365,34.20256022,5.31
11.79859215,8.24586534,5.31
12.2340908,-45.72393011,5.31
13.23638046,-19.93133468,5.31
16.52826981,-41.81714208,5.31
17.50663099,-1.06250365,5.31
19.16461731,-68.42434424,5.31
21.26245211,-15.17151251,5.31
22.41560907,-57.79661017,5.31
1.17757375,68.77868759,5.32
3.04507202,-7.68546315,5.32
3.38699344,49.2133301,5.32
4.06238995,5.43563754,5.32
4.62046562,0.99832711,5.32
5.57133058,3.76693355,5.32
7.81713793,-24.91224336,5.32
8.41771049,-24.04626227,5.32
10.8209535,10.54526139,5.32
11.70789664,66.7448085,5.32
12.3931804,-35.41265923,5.32
13.42059326,-64.48509219,5.32
14.82196971,-14.14898587,5.32
14.92908184,-33.85578004,5.32
15.25315736,4.93935226,5.32
16.37444614,-49.57229123,5.32
17.20772381,10.58522897,5.32
19.86405282,-39.87433805,5.32
20.03122335,-66.94379223,5.32
20.18655784,-36.09738423,5.32
21.0494374,-38.63118269,5.32
22.83965167,-80.12381446,5.32
1.0947021,21.4732162,5.33
4.32129032,-44.26783026,5.33
4.88965424,2.50826491,5.33
4.91327608,7.77916325,5.33
5.13135365,8.49857348,5.33
8.12167948,-20.55434589,5.33
8.33027654,-71.51499632,5.33
8.48465504,-47.92893948,5.33
8.52660191,18.09455771,5.33
8.54514576,20.44127049,5.33
10.77127179,-64.51458587,5.33
13.28767315,13.67564684,5.33
18.38141054,-36.66949254,5.33
18.97076314,17.36093633,5.33
19.80030601,-56.36227755,5.33
20.0009187,17.51654077,5.33
22.23833825,-21.07470081,5.33
23.55780214,22.49881721,5.33
2.02077676,-30.00156583,5.34
2.8951606,38.33767914,5.34
3.76123067,6.05002905,5.34
4.32685749,21.77359174,5.34
5.31978599,2.59593601,5.34
5.54482068,-1.59183293,5.34
5.54986797,-64.22751422,5.34
6.25697971,16.14320591,5.34
6.3628078,53.45239515,5.34
6.64699627,39.90258791,5.34
6.78041513,57.1692705,5.34
6.88473935,59.44865494,5.34
7.58578252,30.9609101,5.34
8.21355238,68.47405416,5.34
8.84296687,-66.79322494,5.34
9.40270261,-80.78720514,5.34
10.39150381,-38.00970922,5.34
12.07748522,-68.32889673,5.34
12.13742491,-48.69247036,5.34
12.93253881,-56.83580429,5.34
14.41351683,-24.80626639,5.34
15.6964977,12.84753869,5.34
16.88281119,31.70171538,5.34
19.57812701,42.41258465,5.34
20.89448671,-39.80962825,5.34
21.83573443,17.28595705,5.34
22.21328085,34.60471273,5.34
22.28001209,-12.83144751,5.34
22.95124828,48.68408117,5.34
0.84543679,64.24758084,5.35
0.93375167,-11.26650685,5.35
1.43757739,19.17232096,5.35
4.7671391,11.70560822,5.35
6.10974713,38.48277233,5.35
6.1663874,58.93564864,5.35
7.41218561,-31.80892621,5.35
7.49884905,49.67266207,5.35
8.68362445,45.83378521,5.35
9.53868631,-40.64932106,5.35
13.71774561,3.53807968,5.35
15.35056133,0.71558981,5.35
15.91052142,43.13840642,5.35
16.13542248,-26.32666483,5.35
16.49509179,-46.24321937,5.35
16.92284384,18.43318381,5.35
17.61045164,48.58547866,5.35
18.93804794,-42.71060161,5.35
19.21130657,-7.93950077,5.35
22.33664099,-7.82110592,5.35
23.36525723,31.81248117,5.35
23.65231871,50.47173744,5.35
0.66543164,21.4385644,5.36
0.77582666,15.47561194,5.36
1.12182573,-61.77526197,5.36
2.41499846,-60.31162902,5.36
2.53595453,-1.03481751,5.36
4.06938545,2.82725258,5.36
4.66612044,53.47323647,5.36
5.55873525,-1.15607162,5.36
5.85610649,-7.51800251,5.36
6.21418132,65.71849922,5.36
6.31405011,-9.38996323,5.36
7.23890712,3.11142128,5.36
7.25585562,-30.68647453,5.36
7.75977164,-34.17655092,5.36
7.94939145,-43.50042396,5.36
8.19250826,-7.77247623,5.36
9.25385464,14.9415367,5.36
9.72886153,14.02170696,5.36
10.7112705,-59.21576469,5.36
10.76442004,30.68240198,5.36
11.99914546,3.65521716,5.36
13.38365147,-17.73520402,5.36
14.75479075,-62.87545275,5.36
15.41250787,-39.71013154,5.36
15.64847424,-19.30170914,5.36
17.33606293,25.53764398,5.36
18.28542707,-56.02331993,5.36
18.94458074,-37.34318339,5.36
20.79265458,80.55235152,5.36
22.30421737,-53.62553594,5.36
23.6929205,-18.02690134,5.36
1.76646271,-5.73322696,5.37
5.04686816,-49.15147328,5.37
5.59086681,24.03963793,5.37
6.11076119,-4.1938248,5.37
6.26125215,59.99903422,5.37
6.42462528,-69.69078672,5.37
7.39138192,-27.83428348,5.37
7.41616364,11.66955984,5.37
8.00326559,73.9180101,5.37
10.01695008,31.9247146,5.37
11.20920712,-49.10107805,5.37
12.49927749,58.4055266,5.37
12.99868775,66.59730755,5.37
14.96476594,-76.66261622,5.37
16.28759407,59.75496116,5.37
16.4003431,-39.19298857,5.37
18.04752718,-24.28242475,5.37
18.51801255,-32.9890014,5.37
18.77238567,-22.39218449,5.37
18.77285107,75.43379735,5.37
22.16547537,-34.01503553,5.37
22.20055952,60.75907189,5.37
22.34099026,5.78949288,5.37
23.07765857,-53.96464712,5.37
0.34329562,8.19024803,5.38
0.41319127,61.83106347,5.38
0.54316689,20.29443334,5.38
0.70786031,-65.46813002,5.38
2.59633263,34.68768289,5.38
4.04351575,-0.26831052,5.38
4.34416588,-20.63959902,5.38
4.37636956,25.62935771,5.38
4.65169524,7.87098753,5.38
5.31667203,33.74846576,5.38
7.34411524,-52.08592527,5.38
7.92775116,19.88406657,5.38
9.2881668,-68.68957252,5.38
9.46303252,-6.07102871,5.38
12.38040898,-57.67610097,5.38
12.45802117,-58.99176932,5.38
12.82050013,83.41285818,5.38
13.70031162,-58.78704974,5.38
14.50583129,-49.51892657,5.38
14.93811806,-52.80956707,5.38
15.36350253,32.93366086,5.38
15.89831199,-24.53309547,5.38
17.3442982,32.47027246,5.38
18.49471179,-1.98522563,5.38
18.56574962,52.35350951,5.38
18.60773225,9.12281663,5.38
18.79138224,-5.70507074,5.38
19.27270665,-45.46606262,5.38
19.84633416,-10.76358902,5.38
20.10609148,35.97353894,5.38
20.47068179,81.42266925,5.38
21.01970068,46.15576488,5.38
21.40266615,-20.85156019,5.38
22.18604888,50.82328938,5.38
1.0469977,-46.39733801,5.39
2.83170863,-27.94203549,5.39
3.93282163,47.87147012,5.39
4.18052249,26.48103948,5.39
4.74049154,11.14616933,5.39
4.99734468,-10.26299266,5.39
6.28517131,9.94253598,5.39
6.78130382,-51.2654494,5.39
6.81603841,-15.14471091,5.39
8.07977394,79.47974268,5.39
9.52568045,35.10350902,5.39
11.40064909,1.40776375,5.39
11.56035106,-40.58670322,5.39
14.62226805,-46.13341306,5.39
14.64730048,44.40454503,5.39
15.76823606,-1.80411556,5.39
16.01744416,33.30538815,5.39
16.16403676,-3.46673076,5.39
16.91531534,20.95848435,5.39
17.36829971,-70.12317887,5.39
18.33576901,-15.83160305,5.39
19.00379747,50.53345884,5.39
19.58081072,29.46291111,5.39
19.82369246,-72.50341408,5.39
20.56583246,13.02720146,5.39
21.46111944,27.60854356,5.39
23.1670753,9.82210111,5.39
1.05072351,-4.83635047,5.4
2.70921068,-50.80082665,5.4
3.82047243,70.87120237,5.4
4.36321752,60.73590167,5.4
4.51036071,13.72445018,5.4
5.45280243,17.96226766,5.4
5.64391654,30.49244147,5.4
6.60912158,38.4455521,5.4
7.3835286,-31.92379021,5.4
8.90408464,30.57917723,5.4
9.47427136,9.05677114,5.4
9.47777629,45.6017947,5.4
9.59445206,35.81076694,5.4
11.2293278,-0.06950857,5.4
13.47421614,59.94570301,5.4
14.44094674,19.2268349,5.4
15.52522795,-73.38954647,5.4
16.37478397,33.70335685,5.4
16.41103504,-29.70446361,5.4
18.74920829,-39.68617292,5.4
19.04846997,-3.69900363,5.4
19.08199155,53.39660317,5.4
19.0826832,-4.03135505,5.4
20.09242365,61.99524822,5.4
21.29924349,-17.98513635,5.4
16.6885903903,31.5957722949,5.4
21.2413687093,10.0102469022,5.4
0.19289362,-27.7997782,5.41
0.75477874,55.2214087,5.41
1.59971033,-15.40021584,5.41
6.85749419,-70.96347336,5.41
7.11132463,-11.29401875,5.41
7.39219465,-32.20207858,5.41
7.48491972,-38.8121049,5.41
7.68773003,-38.53357185,5.41
12.62839626,-27.13865883,5.41
13.79037627,-17.85976354,5.41
14.32117135,13.00437724,5.41
15.73456121,-15.67267949,5.41
15.89885335,-23.97803598,5.41
16.4761048,0.66516717,5.41
17.13391136,35.93521504,5.41
17.48047018,0.33057703,5.41
18.31932312,7.25976189,5.41
18.36908144,23.28498721,5.41
18.61037495,33.46903738,5.41
19.65735179,42.81821158,5.41
19.84577133,-59.19363715,5.41
20.70350743,50.34002067,5.41
20.82174308,-68.77640032,5.41
21.22146311,-27.61905854,5.41
0.15583908,-27.9879039,5.42
0.47400487,-39.91490183,5.42
0.79611658,74.84758739,5.42
1.27676298,-2.5002128,5.42
1.4113259,-41.49245885,5.42
1.88815331,40.72979974,5.42
2.0532238,0.12845397,5.42
2.37011301,-0.88474037,5.42
4.45080407,80.82421018,5.42
6.56374759,-36.23226731,5.42
6.74596242,28.97098912,5.42
7.56418041,-36.33840157,5.42
8.52526222,-19.57743956,5.42
9.13335317,29.65422729,5.42
10.27798644,13.72837138,5.42
11.78865806,-57.69654711,5.42
12.56080683,33.24766003,5.42
12.75217466,45.44022447,5.42
14.47825852,-6.90041401,5.42
16.40882371,-37.56597007,5.42
18.65977355,-43.18577561,5.42
20.63030446,11.37769664,5.42
21.46282148,66.80914613,5.42
23.14467811,2.12761798,5.42
1.99616341,-20.82457549,5.43
2.00743662,-8.52382616,5.43
2.36706682,-10.77733458,5.43
2.73476614,44.2970548,5.43
5.15544563,9.82959768,5.43
5.50283601,63.06723206,5.43
6.53057429,-8.15818115,5.43
8.77515309,-45.91251639,5.43
8.94496757,-85.66323432,5.43
9.77233852,-76.77598144,5.43
10.53661066,14.13720956,5.43
11.08172486,-35.804689,5.43
11.14556879,-28.08061647,5.43
12.79287259,66.79031573,5.43
15.3136519,-60.49632329,5.43
15.64708465,-52.37261965,5.43
15.92987919,37.94676324,5.43
15.97635397,-24.83142974,5.43
16.20202481,-8.54757943,5.43
17.16331051,-10.5230375,5.43
17.91976051,72.00513388,5.43
18.61085908,6.67215598,5.43
18.87123129,21.42516648,5.43
22.01394862,-28.45373726,5.43
22.17707348,-11.56495901,5.43
22.82950794,55.90268437,5.43
22.85059602,-39.15681779,5.43
22.99094515,0.96309154,5.43
23.81393746,62.21451996,5.43
0.9639301,28.9922356,5.44
2.95658368,-23.8620767,5.44
3.33877233,77.73490142,5.44
3.80577895,23.42136355,5.44
4.17292217,-6.92382327,5.44
5.20623596,73.94674435,5.44
5.32280938,-50.60652008,5.44
5.66384763,-32.62913912,5.44
6.26249062,12.55107067,5.44
6.77068598,79.56627808,5.44
6.90684916,-1.1269609,5.44
7.18989767,-0.30190562,5.44
7.88430953,-36.36377387,5.44
8.93209891,11.62605826,5.44
8.94906509,32.91058931,5.44
9.62018782,-53.66848607,5.44
10.78112913,-17.29683026,5.44
11.97090199,-56.31731449,5.44
13.13532192,-65.30601741,5.44
15.60337126,-44.39668903,5.44
16.10548112,67.80998136,5.44
16.32156678,-42.67394008,5.44
17.94659672,-4.08180189,5.44
18.44833584,-48.11710875,5.44
20.22051872,-1.00926621,5.44
20.52189123,49.2203733,5.44
23.08603191,-7.69381853,5.44
23.32494109,48.62519601,5.44
0.62256277,35.39951013,5.45
0.65274638,49.35459528,5.45
0.91674982,-69.52697888,5.45
2.64694416,21.96144509,5.45
3.09074647,25.25519906,5.45
3.74672281,24.28957712,5.45
4.06569585,8.19720135,5.45
4.15495452,-16.38587725,5.45
4.24681922,-62.19204942,5.45
4.66761618,12.19764088,5.45
5.54760468,-38.51334582,5.45
6.9429112,-79.42018913,5.45
6.95943584,-24.63105594,5.45
7.53010303,17.08622915,5.45
8.43108974,-42.15310407,5.45
8.62190182,-62.85341217,5.45
8.65662967,-53.43982462,5.45
9.04562973,24.45293256,5.45
9.50142443,-51.51719294,5.45
10.89548914,-2.12924149,5.45
12.18441142,-23.60237239,5.45
12.47291274,-39.04113804,5.45
12.91620771,-85.12342237,5.45
15.04980289,-32.64324605,5.45
15.18777341,-55.34601439,5.45
15.90962885,20.31086363,5.45
16.27868605,-53.81110764,5.45
18.26483152,-44.20649632,5.45
19.42490874,-23.96242415,5.45
19.62979344,-4.64750966,5.45
21.14611503,-88.9565112,5.45
21.93966341,-37.25363145,5.45
22.23853786,-27.76691218,5.45
22.49804671,78.82433733,5.45
22.95773629,20.7686841,5.45
0.91611663,23.62844595,5.46
4.07268713,24.1060264,5.46
4.32032839,50.04883763,5.46
4.65545502,-14.35888729,5.46
5.33741214,41.08633916,5.46
5.50262829,-47.07733403,5.46
5.52070329,3.2921351,5.46
5.76501355,49.82628283,5.46
5.83799981,-79.36152292,5.46
6.10891755,-23.11077641,5.46
7.17203518,-27.4915246,5.46
7.22316482,51.42871249,5.46
7.27071676,-15.58565483,5.46
8.6887782,-78.96342637,5.46
9.45180502,-71.60209195,5.46
9.52675644,-73.08091865,5.46
10.75454864,-80.4695233,5.46
11.53909916,61.08275166,5.46
11.62612505,-47.74737759,5.46
12.73348619,-28.32386102,5.46
12.92207264,-42.9157015,5.46
13.65849433,52.92107136,5.46
13.79407494,-50.32066712,5.46
14.11191847,-9.31352509,5.46
15.43818468,34.3358496,5.46
15.4550402,-36.76750151,5.46
16.22094671,5.0210989,5.46
16.60626831,-42.85885401,5.46
16.9005106,-41.80638305,5.46
18.81401959,-43.67999681,5.46
18.91449394,41.60272814,5.46
19.29545424,23.02554904,5.46
19.34324532,-0.89216854,5.46
19.49782566,-26.9855106,5.46
19.62624352,-14.30144432,5.46
19.9538507,40.36782505,5.46
21.62926898,19.31857481,5.46
0.8779447,-24.00592567,5.47
2.99716183,47.22063875,5.47
3.53571692,48.02353391,5.47
4.50016631,83.34013144,5.47
4.51078518,15.69193829,5.47
4.86810263,63.50564999,5.47
4.91976102,-74.93700232,5.47
5.48791465,25.15030596,5.47
5.79061039,17.7291527,5.47
7.13945621,15.93092642,5.47
7.91187184,47.56459225,5.47
8.57671869,65.14527349,5.47
8.82754634,-40.32015599,5.47
9.15988328,-8.78763061,5.47
10.62418785,-58.73334704,5.47
11.00408227,45.52626916,5.47
12.313907,75.1605502,5.47
12.49084826,24.10892077,5.47
12.51682448,24.56718941,5.47
13.34384845,-52.74778497,5.47
14.03966743,-27.42976294,5.47
14.84161173,37.27181511,5.47
16.00554968,-16.53238334,5.47
17.31748729,-46.6365001,5.47
17.9236628,26.04997848,5.47
18.17396096,-62.00276787,5.47
18.22019435,-41.33609648,5.47
18.39345508,-75.04432557,5.47
18.54536728,-14.8656543,5.47
18.54720801,30.55418062,5.47
20.67217015,-33.43193038,5.47
20.89830736,33.43780855,5.47
21.47910758,-69.5052732,5.47
22.43355081,70.77088542,5.47
22.47755052,-39.13140099,5.47
2.41362352,10.61059804,5.48
2.84455664,-35.67571664,5.48
3.87823723,-5.36124167,5.48
5.29451284,-13.51970778,5.48
6.35686605,-11.77324372,5.48
7.79910614,-12.19289276,5.48
7.90305869,-35.87729557,5.48
8.7044993,-48.099099,5.48
9.09002957,48.53035841,5.48
11.64443251,-13.20224958,5.48
12.56299923,-9.45207768,5.48
14.85738186,59.29365246,5.48
14.94614085,-11.4097279,5.48
15.71411754,52.36083046,5.48
16.18042458,75.87753079,5.48
16.33201134,39.70859042,5.48
16.77999208,-39.37689836,5.48
16.83870852,7.24770528,5.48
16.95310334,-33.2594689,5.48
20.772231,-39.19918925,5.48
20.88848851,45.18168341,5.48
21.40317736,-12.8781302,5.48
21.42137914,-3.55657786,5.48
0.76989701,-22.52206718,5.49
1.54890337,-36.86518161,5.49
1.76831278,-50.81621317,5.49
3.10220893,79.41851027,5.49
3.29648106,44.02508193,5.49
3.94130224,35.0809084,5.49
4.79339229,-16.93486728,5.49
5.82682079,-14.48354987,5.49
6.14940758,-22.42728352,5.49
7.76726707,-6.77228458,5.49
8.70528195,-53.10011485,5.49
9.27816022,-8.74475953,5.49
9.49847742,-26.58961727,5.49
10.27068872,29.31055982,5.49
10.77370912,14.19480263,5.49
12.52787358,-59.42391403,5.49
12.65204379,21.06258094,5.49
16.26031482,-8.36823651,5.49
18.13397424,36.40171633,5.49
18.23775282,-21.71310708,5.49
18.56485771,-24.03226534,5.49
19.07362641,-31.04703255,5.49
19.72595783,-15.46965541,5.49
20.94834162,-9.69751669,5.49
22.29741549,-77.51158803,5.49
23.63243689,18.40062425,5.49
23.79902407,-2.76161103,5.49
0.34417857,-69.62491154,5.5
1.04066048,-31.55204219,5.5
1.04696849,31.80433674,5.5
1.44490194,19.24056476,5.5
2.04943523,33.28415151,5.5
3.35667374,-23.63508924,5.5
3.40512911,24.72418789,5.5
4.32391081,21.14241058,5.5
4.94005256,-5.17135066,5.5
5.13517285,24.26518765,5.5
5.24557009,5.15612934,5.5
5.53726239,17.05815445,5.5
6.13135211,-42.1540013,5.5
7.05419704,-59.17813539,5.5
7.33929377,-52.3118825,5.5
9.99769997,56.81187557,5.5
10.58690973,-39.5625967,5.5
10.77346864,18.89162177,5.5
11.58250124,-49.1369474,5.5
13.61973731,71.2422665,5.5
13.76564741,-12.42654721,5.5
15.5435314,-19.67036366,5.5
15.54942996,-1.18629929,5.5
16.16461312,-33.54569572,5.5
16.57204705,-70.98806509,5.5
16.59576971,-65.49532908,5.5
18.17785799,3.32426855,5.5
19.72858823,25.77187257,5.5
20.36761931,24.44611603,5.5
21.45046159,-42.54796563,5.5
21.98830005,-38.3950933,5.5
23.46765741,-87.48224182,5.5
0.59475968,-48.00066027,5.51
0.78372955,11.97393464,5.51
1.13953998,5.6502213,5.51
1.44765455,-13.05653391,5.51
2.28305263,-6.4218563,5.51
3.03761036,-71.90249547,5.51
3.26593279,-77.38860498,5.51
4.15275015,19.60929366,5.51
4.47035983,83.80776284,5.51
4.95620761,17.1537068,5.51
6.30381437,-19.96699189,5.51
8.4546632,-70.09359517,5.51
9.63373172,-43.19086905,5.51
10.66985098,-65.10024026,5.51
10.71720743,26.32569732,5.51
11.05414672,-11.30320923,5.51
12.14849946,-41.23158452,5.51
13.78329856,38.54274988,5.51
14.50240559,-45.32128792,5.51
14.95922674,-0.16754803,5.51
15.33573276,29.61631109,5.51
16.85692741,1.21598136,5.51
17.33920748,46.24068047,5.51
17.83968665,29.32202669,5.51
18.85972262,52.97452091,5.51
18.87422387,-46.59511945,5.51
18.98994514,-12.84046242,5.51
19.0120742,55.65831944,5.51
19.22097662,-12.28250973,5.51
19.76700442,-31.90853854,5.51
19.97721077,30.98367174,5.51
20.06897411,7.27793427,5.51
20.17597912,26.90413736,5.51
20.19665933,26.80901561,5.51
20.9738786,10.8393695,5.51
21.32102554,58.62350994,5.51
21.71846745,41.15499969,5.51
22.49943013,4.43205725,5.51
22.99326742,-29.46232352,5.51
1.7080975,-53.7405747,5.52
2.85821331,15.08212726,5.52
3.79889527,-30.16732063,5.52
4.14347081,38.04022796,5.52
4.91753938,55.25912955,5.52
5.26781645,11.34136954,5.52
5.46266829,15.87410386,5.52
5.93915078,-31.38245487,5.52
6.60981395,-5.21110831,5.52
8.04577469,-41.30986539,5.52
8.08436296,-53.1079136,5.52
8.22617405,-50.19606698,5.52
8.39681365,53.21995142,5.52
8.44500192,-12.53453988,5.52
10.30211127,-28.99202661,5.52
10.40239288,33.71853542,5.52
10.49505784,84.25210531,5.52
11.11511968,1.95573365,5.52
12.33881113,26.6197509,5.52
13.54769124,-15.36301232,5.52
15.02216942,-2.75487208,5.52
15.05168988,35.20577288,5.52
15.27306463,-22.39942083,5.52
17.44697978,20.08093784,5.52
18.13011216,-17.15430069,5.52
18.3913392,-36.23800004,5.52
19.28672777,-66.66103756,5.52
20.85021199,-37.91328991,5.52
21.84645156,-69.62940458,5.52
21.8749878,28.79369216,5.52
22.17747284,70.1325139,5.52
22.45147536,65.13227452,5.52
22.76133542,-46.54729992,5.52
0.02225348,-50.33739907,5.53
1.86647427,55.14740479,5.53
2.60001891,-7.83145306,5.53
3.29568586,-62.57689893,5.53
3.67731475,-5.21069726,5.53
4.45484658,22.99636881,5.53
4.47558591,1.38087416,5.53
4.71776299,-70.93111187,5.53
4.7355416,-18.66654311,5.53
5.51878434,-20.86355455,5.53
5.61769711,17.0404091,5.53
6.44051768,56.2850437,5.53
8.17777126,-13.79934746,5.53
10.0121957,-82.21474569,5.53
11.92792432,15.64680922,5.53
13.10627337,22.61629063,5.53
13.89245005,-35.66419416,5.53
14.22122796,-53.66565135,5.53
14.23481438,12.95957667,5.53
14.25669806,-18.20066197,5.53
15.54867436,-16.85280725,5.53
15.81578184,-3.81852811,5.53
16.01323375,-8.41132413,5.53
16.32574508,-30.90676896,5.53
16.42337938,37.39407872,5.53
16.60317578,52.89997858,5.53
16.97165247,-50.64109176,5.53
17.28436509,-32.66270528,5.53
17.71419225,-36.94550742,5.53
18.16827928,-30.72859747,5.53
19.1104678,28.6283896,5.53
19.32759598,12.37463918,5.53
20.68403891,32.30731586,5.53
21.06797567,-5.82304908,5.53
21.51647046,60.45944015,5.53
21.79036317,60.69269363,5.53
22.23032751,45.44060328,5.53
22.39188495,-24.76265507,5.53
22.912668,-16.27174207,5.53
23.08115234,-68.82037973,5.53
23.44348452,-52.721919,5.53
0.1672735,11.14580908,5.54
1.6183226,12.14151058,5.54
5.38064569,41.02925326,5.54
5.84136209,14.30569894,5.54
6.0211928,-33.91177131,5.54
6.16956109,-40.35396993,5.54
6.283675,-37.7376495,5.54
6.80339787,55.70444959,5.54
7.26392034,47.24041621,5.54
7.42727457,-79.09420265,5.54
9.21545133,-59.41396656,5.54
11.50807802,18.40973855,5.54
11.68884887,-43.09567719,5.54
12.01232423,-10.44483921,5.54
12.34745283,57.86428953,5.54
15.3521224,-5.82482695,5.54
15.79808206,-65.44218988,5.54
15.95406796,14.41426805,5.54
17.20904427,62.87422062,5.54
17.57954144,-11.24200693,5.54
17.69962173,15.95217942,5.54
19.86710947,24.99217156,5.54
